_id,isPb,wpm,acc,rawWpm,consistency,charStats,mode,mode2,quoteLength,restartCount,testDuration,afkDuration,incompleteTestSeconds,punctuation,numbers,language,funbox,difficulty,lazyMode,blindMode,bailedOut,tags,timestamp
6a0e78ab655b2abc627e0a29,false,115.27,96.79,124.87,82.17,144;3;0;1,time,15,-1,3,14.99,0,2.58,false,false,english,,normal,false,false,false,,1779333291012
6a0e7891655b2abc627e0965,false,104.88,88.31,123.29,82.41,131;13;2;0,time,15,-1,1,14.99,0,0.14,false,false,english,,normal,false,false,false,,1779333265345
6a0e787d655b2abc627e08d1,false,112.08,91.93,128.89,84.99,140;9;1;2,time,15,-1,1,14.99,0,1.14,false,false,english,,normal,false,false,false,,1779333245362
6a0e7868655b2abc627e083a,false,112.08,97.39,120.89,80,140;0;1;1,time,15,-1,1,14.99,0,0.86,false,false,english,,normal,false,false,false,,1779333224554
6a0e784e655b2abc627e0786,false,101.67,91.39,120.88,84.41,127;8;1;1,time,15,-1,3,14.99,0,17.37,false,false,english,,normal,false,false,false,,1779333198579
6a0e7825655b2abc627e0662,false,121.68,98.13,128.09,86.02,152;2;0;0,time,15,-1,1,14.99,0,6.39,false,false,english,,normal,false,false,false,,1779333156947
6a0e780d655b2abc627e059c,false,106.45,93.1,116.05,81.24,133;6;1;2,time,15,-1,5,14.99,0,23.25,false,false,english,,normal,false,false,false,,1779333133015
6a0e77da655b2abc627e0425,false,112.08,97.95,116.88,86.75,140;2;0;1,time,15,-1,12,14.99,0,47.23,false,false,english,,normal,false,false,false,,1779333082115
6a0e778a655b2abc627e0217,false,120.09,100,120.09,89.67,150;0;0;0,time,15,-1,2,14.99,0,16.13,false,false,english,,normal,false,false,false,,1779333002457
6a0e7767655b2abc627e0124,false,105.63,93.84,115.23,81.07,132;5;1;1,time,15,-1,2,15,0,8.09,false,false,english,,normal,false,false,false,,1779332967192
6a0e774a655b2abc627e0065,false,115.28,93.79,128.89,82.83,144;7;1;0,time,15,-1,2,14.99,0,12.44,false,false,english,,normal,false,false,false,,1779332938042
6a0e7727655b2abc627dff7d,false,117.67,100,117.67,80.57,147;0;0;0,time,15,-1,20,14.99,0,61.66,false,false,english,,normal,false,false,false,,1779332902884
6a0e76a5655b2abc627dfc37,false,112.08,91.56,122.49,81.7,140;8;2;0,time,15,-1,8,14.99,0,38.23,false,false,english,,normal,false,false,false,,1779332772753
6a0e7637655b2abc627df94f,false,120.05,98.68,120.05,83.15,150;0;0;0,time,15,-1,0,14.99,0,0,false,false,english,,normal,false,false,false,,1779332663048
6a0e7623655b2abc627df8ca,false,116.88,98.04,122.48,88.57,146;2;0;0,time,15,-1,6,14.99,0,22.85,false,false,english,,normal,false,false,false,,1779332642739
6a0e75f2655b2abc627df773,false,116.84,98.04,122.44,80.33,146;2;0;2,time,15,-1,7,15,0,20.76,false,false,english,,normal,false,false,false,,1779332594281
6a0e75be655b2abc627df625,false,104.07,96.69,120.88,83.59,130;1;1;1,time,15,-1,0,14.99,0,0,false,false,english,,normal,false,false,false,,1779332542541
6a0e75ae655b2abc627df5b7,false,116.83,97.39,121.63,83.13,146;2;0;0,time,15,-1,1,15,0,7.58,false,false,english,,normal,false,false,false,,1779332526049
6a0e7594655b2abc627df500,false,105.64,92.62,119.25,82.19,132;8;1;0,time,15,-1,6,14.99,0,11.02,false,false,english,,normal,false,false,false,,1779332500591
6a0e7570655b2abc627df3f8,false,116.89,94.3,126.5,88.57,146;6;1;0,time,15,-1,8,14.99,0,35.49,false,false,english,,normal,false,false,false,,1779332464250
6a0e7494655b2abc627dede3,false,139.54,100,139.54,76.76,52;0;0;0,words,10,-1,0,4.47,0,0,false,false,english,,normal,false,false,false,,1779332244536
6a0e748d655b2abc627deda9,false,135.74,97.78,148.98,86.79,41;0;0;1,words,10,-1,0,3.62,0,0,false,false,english,,normal,false,false,false,,1779332236827
6a0e7487655b2abc627ded86,false,125.19,100,125.19,84.49,50;0;0;0,words,10,-1,0,4.79,0,0,false,false,english,,normal,false,false,false,,1779332231053
6a0e7480655b2abc627ded49,false,113.62,100,113.62,53.48,49;0;0;0,words,10,-1,2,5.18,0,5.85,false,false,english,,normal,false,false,false,,1779332224595
6a0e7471655b2abc627decee,false,117.39,92.68,133.7,89.47,36;2;0;0,words,10,-1,5,3.68,0,24.13,false,false,english,,normal,false,false,false,,1779332209287
6a0e7449655b2abc627debe4,false,102.47,95.74,112.08,83.61,128;3;0;0,time,15,-1,3,14.99,0,25.8,false,false,english,,normal,false,false,false,,1779332168738
6a0e7418655b2abc627dea8c,false,119.23,98.09,125.63,89.61,149;2;0;0,time,15,-1,5,15,0,57.77,false,false,english,,normal,false,false,false,,1779332120114
6a0e6966655b2abc627d9f93,false,110.46,95.86,114.46,85.05,138;2;1;0,time,15,-1,0,14.99,0,0,false,false,english,,normal,false,false,false,,1779329382000
6a0e6864655b2abc627d9863,false,115.28,98.01,120.08,78.4,144;1;0;0,time,15,-1,3,14.99,0,6.82,false,false,english,,normal,false,false,false,,1779329124000
6a0e67cc655b2abc627d9455,false,123.25,100,123.25,87.44,154;0;0;0,time,15,-1,2,14.99,0,12.33,false,false,english,,normal,false,false,false,,1779328972000
6a0e67ab655b2abc627d9354,false,112.02,94.12,122.43,86.04,140;5;2;0,time,15,-1,1,15,0,1.82,false,false,english,,normal,false,false,false,,1779328939000
6a0e6796655b2abc627d92b2,false,118.45,94.94,125.66,86.63,148;5;1;0,time,15,-1,16,14.99,0,92.39,false,false,english,,normal,false,false,false,,1779328918000
6a0e6714655b2abc627d8ec3,false,114.48,95.42,121.69,79.37,143;4;0;1,time,15,-1,17,14.99,0,77.21,false,false,english,,normal,false,false,false,,1779328788000
6a0e668d655b2abc627d8aa9,false,117.67,97.44,124.87,86.96,147;2;1;0,time,15,-1,3,14.99,0,25.25,false,false,english,,normal,false,false,false,,1779328653000
6a0e6654655b2abc627d88f7,false,111.28,100,111.28,76.53,139;0;0;0,time,15,-1,5,14.99,0,24.86,false,false,english,,normal,false,false,false,,1779328596000
6a0e65f7655b2abc627d8629,true,103.51,97.21,106.51,79.25,1035;15;1;2,time,120,-1,0,119.99,0,0,false,false,english,,normal,false,false,false,,1779328503000
6a0e653d655b2abc627d80f8,false,116.53,97.92,116.53,80.79,47;0;0;0,words,10,-1,6,4.84,0,8.57,false,false,english,,normal,false,false,false,,1779328317000
6a0e6522655b2abc627d8037,true,162.52,100,162.52,91.8,52;0;0;0,words,10,-1,0,3.84,0,0,false,false,english,,normal,false,false,false,,1779328290000
6a0e651d655b2abc627d800c,false,113.4,90.57,127.87,81.15,47;3;1;0,words,10,-1,0,4.97,0,0,false,false,english,,normal,false,false,false,,1779328285000
6a0d213332edce57f7ad1ff3,false,122.02,97.78,133.93,55.05,41;0;0;1,words,10,-1,6,4.03,0,12.61,false,false,english,,normal,false,false,false,,1779245363000
6a0d211532edce57f7ad1f10,false,103.72,93.44,117.69,53.07,52;1;0;0,words,10,-1,1,6.02,0,0.07,false,false,english,,normal,false,false,false,,1779245333000
6a0d210732edce57f7ad1ead,false,132.47,100,132.47,67.62,59;0;0;0,words,10,-1,0,5.34,0,0,false,false,english,,normal,false,false,false,,1779245319000
6a0d210132edce57f7ad1e7f,false,116.83,100,116.83,83.55,44;0;0;0,words,10,-1,0,4.52,0,0,false,false,english,,normal,false,false,false,,1779245313000
6a0d20fa32edce57f7ad1e4b,false,128.09,100,128.09,87.21,59;0;0;0,words,10,-1,3,5.53,0,5.1,false,false,english,,normal,false,false,false,,1779245306000
6a0d20ec32edce57f7ad1de0,false,118.77,100,118.77,66.06,54;0;0;0,words,10,-1,1,5.46,0,0.06,false,false,english,,normal,false,false,false,,1779245292000
6a0d20e332edce57f7ad1d9a,false,127.46,100,127.46,52.64,43;0;0;0,words,10,-1,3,4.05,0,13.05,false,false,english,,normal,false,false,false,,1779245283000
6a0d20cc32edce57f7ad1ceb,false,97.12,96.08,97.12,71.98,47;0;0;0,words,10,-1,3,5.81,0,7.23,false,false,english,,normal,false,false,false,,1779245260000
6a0d20b832edce57f7ad1c54,false,115.16,100,115.16,71.78,48;0;0;0,words,10,-1,0,5,0,0,false,false,english,,normal,false,false,false,,1779245240000
6a0d20b232edce57f7ad1c1b,false,127.56,100,127.56,79.61,50;0;0;0,words,10,-1,0,4.7,0,0,false,false,english,,normal,false,false,false,,1779245234000
6a0d20a932edce57f7ad1bd2,false,87.03,92.98,90.44,43.9,51;1;0;2,words,10,-1,17,7.03,0,36.52,false,false,english,,normal,false,false,false,,1779245225000
6a0d206532edce57f7ad19cf,false,117.9,93.75,128.62,66.03,44;2;0;0,words,10,-1,2,4.48,0,3.35,false,false,english,,normal,false,false,false,,1779245157000
6a0d205832edce57f7ad1972,false,124.56,94.12,141.16,73.4,45;2;0;0,words,10,-1,0,4.34,0,0,false,false,english,,normal,false,false,false,,1779245144000
6a0d205332edce57f7ad1943,false,108.6,96,108.6,55.86,48;0;0;0,words,10,-1,1,5.3,0,2.11,false,false,english,,normal,false,false,false,,1779245139000
6a0d204732edce57f7ad18ea,false,126.98,100,126.98,54.96,43;0;0;0,words,10,-1,2,4.06,0,8.31,false,false,english,,normal,false,false,false,,1779245127000
6a0d203532edce57f7ad185c,false,115.78,94.34,127.84,80.87,48;2;0;0,words,10,-1,1,4.98,0,0.92,false,false,english,,normal,false,false,false,,1779245109000
6a0d202d32edce57f7ad181c,false,122.22,98.08,122.22,58.07,51;0;0;0,words,10,-1,0,5.01,0,0,false,false,english,,normal,false,false,false,,1779245101000
6a0d202732edce57f7ad17e2,false,129.59,100,129.59,74.29,47;0;0;0,words,10,-1,1,4.35,0,3.25,false,false,english,,normal,false,false,false,,1779245095000
6a0d201c32edce57f7ad1789,false,113.02,100,113.02,74.24,44;0;0;0,words,10,-1,15,4.67,0,22.03,false,false,english,,normal,false,false,false,,1779245084000
6a0d1fe632edce57f7ad15f7,false,92.3,94.55,103.84,60.1,48;1;0;1,words,10,-1,0,6.24,0,0,false,false,english,,normal,false,false,false,,1779245030000
6a0d1fde32edce57f7ad15b5,false,150.2,100,150.2,89.5,59;0;0;0,words,10,-1,1,4.71,0,0.65,false,false,english,,normal,false,false,false,,1779245022000
6a0d1fd332edce57f7ad1550,false,150.86,100,150.86,68.1,53;0;0;0,words,10,-1,8,4.22,0,12.38,false,false,english,,normal,false,false,false,,1779245011000
6a0d1fa632edce57f7ad140e,false,139.34,94.12,151.2,51.5,47;2;0;0,words,10,-1,0,4.05,0,0,false,false,english,,normal,false,false,false,,1779244966000
6a0d1f9d32edce57f7ad13bb,false,147.67,100,147.67,54.02,50;0;0;0,words,10,-1,33,4.06,0,95.69,false,false,english,,normal,false,false,false,,1779244957000
6a0d1eff32edce57f7ad0f2c,false,123.16,99.29,123.16,81.98,139;0;0;0,words,25,-1,14,13.54,0,37.55,false,false,english,,normal,false,false,false,,1779244799000
6a0d1eb832edce57f7ad0d07,false,113.59,100,113.59,79.94,131;0;0;0,words,25,-1,12,13.84,0,46.37,false,false,english,,normal,false,false,false,,1779244728000
6a0d1e6632edce57f7ad0acd,false,121.75,98.52,128.41,80.45,128;1;0;0,words,25,-1,6,12.62,0,18.76,false,false,english,,normal,false,false,false,,1779244646000
6a0d1e3532edce57f7ad0952,false,117.46,99.16,117.46,69.15,118;0;0;0,words,25,-1,4,12.06,0,16.14,false,false,english,,normal,false,false,false,,1779244597000
6a0d1de332edce57f7ad070c,false,142.49,100,142.49,70.01,51;0;0;0,words,10,-1,13,4.3,0,20.05,false,false,english,,normal,false,false,false,,1779244515000
6a0d1db632edce57f7ad05ad,false,129.86,100,129.86,62.19,47;0;0;0,words,10,-1,1,4.34,0,0.1,false,false,english,,normal,false,false,false,,1779244470000
6a0d1dad32edce57f7ad0578,false,129.3,100,129.3,53.45,45;0;0;0,words,10,-1,0,4.18,0,0,false,false,english,,normal,false,false,false,,1779244461000
6a0d1da732edce57f7ad0556,false,117.98,100,117.98,72.97,49;0;0;0,words,10,-1,0,4.98,0,0,false,false,english,,normal,false,false,false,,1779244455000
6a0d1da132edce57f7ad0528,false,119.54,100,119.54,85.75,49;0;0;0,words,10,-1,9,4.92,0,16.53,false,false,english,,normal,false,false,false,,1779244449000
6a0d1d7c32edce57f7ad0408,false,109.9,95.56,120.88,63.5,40;0;0;1,words,10,-1,8,4.37,0,17.35,false,false,english,,normal,false,false,false,,1779244412000
6a0d1d5932edce57f7ad02ef,false,107.18,93.1,124.67,68.03,49;2;0;0,words,10,-1,5,5.49,0,7.28,false,false,english,,normal,false,false,false,,1779244377000
6a0d1d4432edce57f7ad0251,false,145.45,100,145.45,87.3,47;0;0;0,words,10,-1,1,3.88,0,0.94,false,false,english,,normal,false,false,false,,1779244356000
6a0d1d3b32edce57f7ad020d,false,117.58,96.49,117.58,72.68,54;0;0;0,words,10,-1,2,5.51,0,2.37,false,false,english,,normal,false,false,false,,1779244347000
6a0d1c8b32edce57f7acfd14,false,131,100,131,85.25,53;0;0;0,words,10,-1,0,4.86,0,0,false,false,english,,normal,false,false,false,,1779244171000
6a0d1c8532edce57f7acfce9,false,115.21,100,115.21,84.31,47;0;0;0,words,10,-1,1,4.9,0,4.76,false,false,english,,normal,false,false,false,,1779244165000
6a0d1c7a32edce57f7acfc87,false,127.23,98.28,127.23,71.57,57;0;0;0,words,10,-1,0,5.38,0,0,false,false,english,,normal,false,false,false,,1779244153000
6a0d1c7232edce57f7acfc57,false,113.79,89.09,127.73,68.25,49;4;1;0,words,10,-1,0,5.17,0,0,false,false,english,,normal,false,false,false,,1779244146000
6a0d1c6a32edce57f7acfc10,false,118.06,98.08,118.06,63.73,51;0;0;0,words,10,-1,0,5.18,0,0,false,false,english,,normal,false,false,false,,1779244138000
6a0d1c6332edce57f7acfbd3,false,110.47,95.83,117.83,82.45,45;1;0;0,words,10,-1,1,4.89,0,2.56,false,false,english,,normal,false,false,false,,1779244131000
6a0d1c5932edce57f7acfb85,false,116.79,100,116.79,69.06,51;0;0;0,words,10,-1,4,5.24,0,10.47,false,false,english,,normal,false,false,false,,1779244121000
6a0d1c4332edce57f7acfaec,false,143.73,94.23,155.71,54.71,48;1;1;0,words,10,-1,0,4.01,0,0,false,false,english,,normal,false,false,false,,1779244099000
6a0d1c3e32edce57f7acfab2,false,138,100,138,79.52,54;0;0;0,words,10,-1,1,4.7,0,0.66,false,false,english,,normal,false,false,false,,1779244094000
6a0d1c3632edce57f7acfa7c,false,93.46,86.54,119.82,47.41,39;3;0;1,words,10,-1,6,5.01,0,10.98,false,false,english,,normal,false,false,false,,1779244086000
6a0d1c1632edce57f7acf9bb,false,112.66,95.92,125.47,85.65,44;1;0;1,words,10,-1,1,4.69,0,2.34,false,false,english,,normal,false,false,false,,1779244054000
6a0d1c0c32edce57f7acf97d,false,142.58,100,142.58,53.2,48;0;0;0,words,10,-1,0,4.04,0,0,false,false,english,,normal,false,false,false,,1779244044000
6a0d1c0732edce57f7acf957,false,140.89,100,140.89,59.1,48;0;0;0,words,10,-1,0,4.09,0,0,false,false,english,,normal,false,false,false,,1779244039000
6a0d1c0232edce57f7acf935,false,126.45,94.64,138.84,79.11,51;2;0;1,words,10,-1,1,4.84,0,0.64,false,false,english,,normal,false,false,false,,1779244034000
6a0d1bf932edce57f7acf8f6,false,138.92,100,138.92,81.82,55;0;0;0,words,10,-1,2,4.75,0,10.49,false,false,english,,normal,false,false,false,,1779244025000
6a0d1be632edce57f7acf876,false,131.93,100,131.93,66.05,46;0;0;0,words,10,-1,0,4.18,0,0,false,false,english,,normal,false,false,false,,1779244006000
6a0d1be132edce57f7acf859,false,124.42,100,124.42,58.6,52;0;0;0,words,10,-1,2,5.02,0,5.52,false,false,english,,normal,false,false,false,,1779244001000
6a0d1bce32edce57f7acf7e4,false,137.53,100,137.53,81.75,54;0;0;0,words,10,-1,3,4.71,0,2.83,false,false,english,,normal,false,false,false,,1779243982000
6a0d1bc132edce57f7acf784,false,122.9,100,122.9,90.39,49;0;0;0,words,10,-1,0,4.78,0,0,false,false,english,,normal,false,false,false,,1779243969000
6a0d1bba32edce57f7acf766,false,125.96,97.92,140.61,59.1,43;0;0;1,words,10,-1,3,4.1,0,8.74,false,false,english,,normal,false,false,false,,1779243962000
6a0d1ba932edce57f7acf6dd,false,133.59,100,133.59,87.6,44;0;0;0,words,10,-1,0,3.95,0,0,false,false,english,,normal,false,false,false,,1779243945000
6a0d1ba332edce57f7acf6ba,false,139.41,100,139.41,73.17,50;0;0;0,words,10,-1,0,4.3,0,0,false,false,english,,normal,false,false,false,,1779243939000
6a0d1b9d32edce57f7acf69b,false,114.27,94.23,126.43,91.67,47;2;0;0,words,10,-1,1,4.94,0,1.46,false,false,english,,normal,false,false,false,,1779243933000
6a0d1b9532edce57f7acf66e,false,121.47,97.92,121.47,79.68,46;0;0;0,words,10,-1,12,4.54,0,20.83,false,false,english,,normal,false,false,false,,1779243925000
6a0d1b6d32edce57f7acf56e,false,136.58,100,136.58,93.08,56;0;0;0,words,10,-1,0,4.92,0,0,false,false,english,,normal,false,false,false,,1779243885000
6a0d1b6632edce57f7acf535,false,130.7,100,130.7,91.53,42;0;0;0,words,10,-1,0,3.86,0,0,false,false,english,,normal,false,false,false,,1779243878000
6a0d1b5832edce57f7acf4d2,true,152.87,100,152.87,58.86,53;0;0;0,words,10,-1,2,4.16,0,3.4,false,false,english,,normal,false,false,false,,1779243864000
6a0d1b4c32edce57f7acf47f,false,132.89,100,132.89,68.79,49;0;0;0,words,10,-1,1,4.42,0,1.77,false,false,english,,normal,false,false,false,,1779243852000
6a0d1b4332edce57f7acf431,false,125.5,94.12,145.46,62.6,44;2;0;0,words,10,-1,2,4.21,0,6.54,false,false,english,,normal,false,false,false,,1779243843000
6a0d1abe32edce57f7acf079,false,117.69,100,117.69,83.67,147;0;0;0,time,15,-1,0,14.99,0,0,false,false,english,,normal,false,false,false,,1779243710000
6a0d1aac32edce57f7acefe7,false,104.85,97.06,108.85,82.69,131;2;1;0,time,15,-1,0,14.99,0,0,false,false,english,,normal,false,false,false,,1779243692000
6a0d1a9c32edce57f7acef70,false,100.06,98.43,100.06,79.83,125;0;0;0,time,15,-1,0,14.99,0,0,false,false,english,,normal,false,false,false,,1779243676000
6a0d1a8b32edce57f7aceefa,false,114.49,100,114.49,86.26,143;0;0;0,time,15,-1,0,14.99,0,0,false,false,english,,normal,false,false,false,,1779243659000
6a0d1a7632edce57f7acee56,false,103.27,94.37,112.88,79.28,129;4;1;1,time,15,-1,3,14.99,0,21.36,false,false,english,,normal,false,false,false,,1779243638000
6a0d1a4a32edce57f7aced3e,false,104.86,98.5,104.86,79.46,131;0;0;0,time,15,-1,0,14.99,0,0,false,false,english,,normal,false,false,false,,1779243594000
6a0d1a3932edce57f7acecb5,false,110.46,99.28,110.46,76.53,138;0;0;0,time,15,-1,5,14.99,0,43.28,false,false,english,,normal,false,false,false,,1779243577000
6a0d19f832edce57f7aceb09,false,111.25,94.59,117.65,84.36,139;5;1;0,time,15,-1,5,14.99,0,20.02,false,false,english,,normal,false,false,false,,1779243512000
6a0d090b32edce57f7ac759c,false,105.21,97.49,110.41,76.72,526;4;2;0,time,60,-1,4,60,0,76.13,false,false,english,,normal,false,false,false,,1779239179000
6a0d07ad32edce57f7ac6c9c,true,107.81,95.49,114.61,81.25,539;14;3;2,time,60,-1,3,59.99,0,5.52,false,false,english,,normal,false,false,false,,1779238829000
6a0d074532edce57f7ac6a0c,false,102.82,96.39,109.22,75.04,514;7;1;0,time,60,-1,1,59.99,0,12.25,false,false,english,,normal,false,false,false,,1779238725000
6a0d06b732edce57f7ac6672,false,108.85,93.46,122.45,85.15,136;5;2;0,time,15,-1,0,14.99,0,0,false,false,english,,normal,false,false,false,,1779238583000
6a0d06a532edce57f7ac65f4,false,107.28,94.04,117.69,75.27,134;3;0;2,time,15,-1,1,14.99,0,0.16,false,false,english,,normal,false,false,false,,1779238565000
6a0cba7932edce57f7aa48ef,false,120.06,100,120.06,86.34,150;0;0;0,time,15,-1,0,14.99,0,0,false,false,english,,normal,false,false,false,,1779219065000
6a0cba6832edce57f7aa4840,false,108.05,97.83,108.05,75.47,135;0;0;0,time,15,-1,4,14.99,0,5.57,false,false,english,,normal,false,false,false,,1779219048000
6a0cba4932edce57f7aa46e7,false,107.28,97.92,112.88,73.16,134;1;0;0,time,15,-1,0,14.99,0,0,false,false,english,,normal,false,false,false,,1779219017000
6a0cba3732edce57f7aa4618,false,102.48,97.08,108.89,83.58,128;2;0;0,time,15,-1,0,14.99,0,0,false,false,english,,normal,false,false,false,,1779218999000
6a0cba2632edce57f7aa4561,false,105.64,98.51,105.64,71.55,132;0;0;0,time,15,-1,1,14.99,0,1.83,false,false,english,,normal,false,false,false,,1779218982000
6a0cba1332edce57f7aa4492,false,104.87,95.27,118.48,81.92,131;3;2;0,time,15,-1,0,14.99,0,0,false,false,english,,normal,false,false,false,,1779218963000
6a0cba0232edce57f7aa43ea,false,106.45,95.95,116.86,80.82,133;3;0;0,time,15,-1,3,14.99,0,3.86,false,false,english,,normal,false,false,false,,1779218946000
6a0cb9e632edce57f7aa42d3,false,113.63,94.16,123.23,85.57,142;6;1;1,time,15,-1,7,15,0,9.92,false,false,english,,normal,false,false,false,,1779218918000
6a0cb80c32edce57f7aa2fd5,false,116.09,97.37,120.09,81.67,145;1;0;0,time,15,-1,1,14.99,0,13.2,false,false,english,,normal,false,false,false,,1779218444000
6a0c9d6432edce57f7a8e6a4,false,108.86,99.29,112.06,85.02,136;0;0;1,time,15,-1,9,14.99,0,57.23,false,false,english,,normal,false,false,false,,1779211620000
6a0c9d0e32edce57f7a8e24d,false,104.86,95.83,115.26,77.56,131;3;1;0,time,15,-1,9,14.99,0,45.23,false,false,english,,normal,false,false,false,,1779211534000
6a0c98ef32edce57f7a8a9b6,false,108.06,95.77,112.06,73.88,135;2;1;0,time,15,-1,29,14.99,0,143.31,false,false,english,,normal,false,false,false,,1779210479000
6a0c982232edce57f7a89dfd,false,124.87,98.15,129.68,83.71,156;2;0;0,time,15,-1,3,14.99,0,23.31,false,false,english,,normal,false,false,false,,1779210274000
6a0c97d832edce57f7a899c0,false,104.85,91.03,116.06,82.83,131;10;1;1,time,15,-1,0,14.99,0,0,false,false,english,,normal,false,false,false,,1779210200000
6a0c97c732edce57f7a898e3,false,117.68,96.75,123.28,82.77,147;2;2;0,time,15,-1,1,14.99,0,0.21,false,false,english,,normal,false,false,false,,1779210183000
6a0c97b432edce57f7a897d2,false,104.87,89.61,122.48,89.65,131;10;2;0,time,15,-1,0,14.99,0,0,false,false,english,,normal,false,false,false,,1779210164000
6a0c97a332edce57f7a896cd,false,112.04,95.3,116.04,80.05,140;1;1;0,time,15,-1,0,14.99,0,0,false,false,english,,normal,false,false,false,,1779210147000
6a0c979232edce57f7a895ed,false,106.47,97.9,113.67,82.09,133;0;0;2,time,15,-1,3,14.99,0,6.08,false,false,english,,normal,false,false,false,,1779210130000
6a0c977832edce57f7a8946e,false,111.28,96.03,120.09,83.19,139;4;0;0,time,15,-1,0,14.99,0,0,false,false,english,,normal,false,false,false,,1779210104000
6a0c976632edce57f7a89386,false,113.68,96.71,120.09,83.94,142;2;0;0,time,15,-1,2,14.99,0,8.92,false,false,english,,normal,false,false,false,,1779210086000
6a0c974b32edce57f7a891f0,false,109.66,95.95,115.26,79.44,137;1;0;0,time,15,-1,2,14.99,0,11.31,false,false,english,,normal,false,false,false,,1779210059000
6a0c96cf32edce57f7a88b37,false,106.01,94.93,110.81,73.92,530;7;1;4,time,60,-1,1,60,0,3.41,false,false,english,,normal,false,false,false,,1779209935000
6a0c968b32edce57f7a887bc,false,101.61,95.72,104.21,69.72,508;4;2;0,time,60,-1,5,59.99,0,96.04,false,false,english,,normal,false,false,false,,1779209867000
6a0c95aa32edce57f7a87c12,false,103.21,94.22,108.81,75.92,516;14;5;0,time,60,-1,2,59.99,0,36.28,false,false,english,,normal,false,false,false,,1779209642000
6a0c914632edce57f7a8405e,true,124.89,98.74,127.29,84.29,156;1;0;0,time,15,-1,0,14.99,0,0,false,false,english,,normal,false,false,false,,1779208518000
6a0c913532edce57f7a83f74,false,116.05,98.05,123.25,83.52,145;2;0;0,time,15,-1,3,14.99,0,8.67,false,false,english,,normal,false,false,false,,1779208501000
6a0c90b232edce57f7a83884,false,125.95,100,125.95,83.63,135;0;0;0,words,25,-1,2,12.86,0,7.53,false,false,english,,normal,false,false,false,,1779208370000
6a0c909932edce57f7a83735,false,112.8,97.48,116.76,73.3,114;1;0;1,words,25,-1,0,12.13,0,0,false,false,english,,normal,false,false,false,,1779208345000
6a0c908b32edce57f7a83682,false,109.9,98.53,109.9,74.15,134;0;0;0,words,25,-1,6,14.63,0,15.44,false,false,english,,normal,false,false,false,,1779208331000
6a0c902f32edce57f7a831e2,false,100.12,94.76,106.71,76.1,228;5;0;2,words,50,-1,0,27.33,0,0,false,false,english,,normal,false,false,false,,1779208239000
6a0c8faa32edce57f7a82b00,false,100.11,93.98,104.16,75.84,247;4;1;0,words,50,-1,0,29.61,0,0,false,false,english,,normal,false,false,false,,1779208106000
6a0c8f8b32edce57f7a82976,false,103.97,96.75,106.31,72.26,266;3;1;0,words,50,-1,0,30.7,0,0,false,false,english,,normal,false,false,false,,1779208075000
6a0c8f6b32edce57f7a827e2,false,100.51,94.96,105.09,78.31,241;6;0;1,words,50,-1,0,28.77,0,0,false,false,english,,normal,false,false,false,,1779208043000
6a0bfa1c32edce57f7a16ec5,false,102.79,92.86,114.11,85.88,227;11;3;0,words,50,-1,1,26.5,0,1.7,false,false,english,,normal,false,false,false,,1779169820000
6a0bf9fa32edce57f7a16d9b,false,102.92,94.86,113.71,85.47,229;8;1;0,words,50,-1,4,26.7,0,14.93,false,false,english,,normal,false,false,false,,1779169786000
6a0bf99332edce57f7a16a5d,false,105.98,94.44,115.84,78.32,129;3;0;1,words,25,-1,2,14.61,0,2.31,false,false,english,,normal,false,false,false,,1779169683000
6a0bf97e32edce57f7a16995,false,100.07,98.28,100.07,70.58,114;0;0;0,words,25,-1,1,13.67,0,13.16,false,false,english,,normal,false,false,false,,1779169662000
6a0bf96032edce57f7a168a0,false,97.72,92.5,105.64,77.02,111;7;0;2,words,25,-1,0,13.63,0,0,false,false,english,,normal,false,false,false,,1779169632000
6a0bf95132edce57f7a1682a,false,106.61,98.5,106.61,77.91,131;0;0;0,words,25,-1,0,14.74,0,0,false,false,english,,normal,false,false,false,,1779169617000
6a0bf94132edce57f7a167a9,false,93.87,94.44,97.85,69.93,118;4;0;1,words,25,-1,3,15.08,0,7.14,false,false,english,,normal,false,false,false,,1779169601000
6a0bf92632edce57f7a166b7,false,91.26,96.06,102.67,79.5,112;2;0;1,words,25,-1,0,14.73,0,0,false,false,english,,normal,false,false,false,,1779169574000
6a0bf91432edce57f7a1661e,false,96.47,93.28,103.48,75.8,124;5;1;1,words,25,-1,12,15.42,0,36.19,false,false,english,,normal,false,false,false,,1779169556000
6a0bf8af32edce57f7a162bf,false,97.15,96.8,101.27,76.6,118;2;0;0,words,25,-1,2,14.57,0,11.68,false,false,english,,normal,false,false,false,,1779169455000
6a0bf88f32edce57f7a161b1,false,95.46,93.8,98.67,77.03,119;1;0;1,words,25,-1,1,14.96,0,0.86,false,false,english,,normal,false,false,false,,1779169423000
6a0bf87932edce57f7a160fc,false,112.15,97.74,116.53,88.05,128;2;0;0,words,25,-1,5,13.7,0,28.33,false,false,english,,normal,false,false,false,,1779169401000
6a0bf84432edce57f7a15f2f,false,106.74,97.18,113.16,80.44,133;2;0;0,words,25,-1,1,14.95,0,1.74,false,false,english,,normal,false,false,false,,1779169348000
6a0bf83032edce57f7a15e86,false,94.24,95.07,97.09,75.68,132;2;0;0,words,25,-1,0,16.81,0,0,false,false,english,,normal,false,false,false,,1779169328000
6a0bf81932edce57f7a15ddb,false,90.91,90.32,103.78,75.86,106;4;2;0,words,25,-1,8,13.99,0,18.17,false,false,english,,normal,false,false,false,,1779169305000
6a0bf7eb32edce57f7a15c52,false,120.16,100,120.16,82.92,128;0;0;0,words,25,-1,3,12.78,0,21.87,false,false,english,,normal,false,false,false,,1779169259000
6a0bf7c332edce57f7a15aee,false,106.24,97.66,106.24,67.74,125;0;0;0,words,25,-1,5,14.12,0,25.27,false,false,english,,normal,false,false,false,,1779169219000
6a0bf79532edce57f7a15937,false,98.44,96.92,107.62,78.65,118;2;0;1,words,25,-1,0,14.38,0,0,false,false,english,,normal,false,false,false,,1779169173000
6a0bf78532edce57f7a15897,false,98.12,97.01,101.95,71.64,128;1;1;0,words,25,-1,4,15.65,0,20.48,false,false,english,,normal,false,false,false,,1779169157000
6a0bf75b32edce57f7a15734,false,101.77,97.76,101.77,67.89,130;0;0;0,words,25,-1,2,15.33,0,11.5,false,false,english,,normal,false,false,false,,1779169115000
6a0bf73832edce57f7a1561c,false,114.19,95.97,120,87.25,118;3;1;0,words,25,-1,1,12.4,0,1.15,false,false,english,,normal,false,false,false,,1779169080000
6a0bf72832edce57f7a155a0,false,98.67,91.04,117,86.47,113;6;3;0,words,25,-1,0,13.74,0,0,false,false,english,,normal,false,false,false,,1779169064000
6a0bf6ed32edce57f7a1539e,false,103.24,98.47,103.24,75.81,129;0;0;0,time,15,-1,11,14.99,0,88.26,false,false,english,,normal,false,false,false,,1779169005000
6a0bf67632edce57f7a14f55,false,107.28,98.57,112.08,79.05,134;0;1;0,time,15,-1,0,14.99,0,0,false,false,english,,normal,false,false,false,,1779168886000
6a0bf66532edce57f7a14e9e,false,93.65,95.35,100.05,79.73,117;2;0;0,time,15,-1,0,14.99,0,0,false,false,english,,normal,false,false,false,,1779168869000
6a0bf65432edce57f7a14e11,false,100.06,95.49,104.87,74.66,125;2;1;0,time,15,-1,1,14.99,0,0.14,false,false,english,,normal,false,false,false,,1779168852000
6a0bf64232edce57f7a14d62,false,100.03,95.59,104.83,82.23,125;2;0;0,time,15,-1,0,15,0,0,false,false,english,,normal,false,false,false,,1779168834000
6a0bf63132edce57f7a14cc5,false,100.07,97.01,106.48,80.63,125;2;0;0,time,15,-1,1,14.99,0,3.94,false,false,english,,normal,false,false,false,,1779168817000
6a0bf61a32edce57f7a14bf7,false,96.03,93.23,105.63,78.26,120;6;0;3,time,15,-1,6,15,0,13.05,false,false,english,,normal,false,false,false,,1779168794000
6a0bf54c32edce57f7a1453e,false,110.47,98.57,110.47,72.71,138;0;0;0,time,15,-1,1,14.99,0,1.12,false,false,english,,normal,false,false,false,,1779168588000
6a0bf53932edce57f7a1448d,false,92.85,91.73,106.46,78.26,116;9;0;2,time,15,-1,1,14.99,0,3.51,false,false,english,,normal,false,false,false,,1779168569000
6a0bf52332edce57f7a143d4,false,103.26,99.26,108.86,84.68,129;0;0;1,time,15,-1,3,14.99,0,12.34,false,false,english,,normal,false,false,false,,1779168547000
6a0bf50132edce57f7a142da,false,97.67,92.86,112.09,79.42,122;7;0;2,time,15,-1,0,14.99,0,0,false,false,english,,normal,false,false,false,,1779168513000
6a0bf4f032edce57f7a14244,false,100.83,97.81,108.03,80.88,126;1;0;0,time,15,-1,10,15,0,38.87,false,false,english,,normal,false,false,false,,1779168496000
6a0bf4a732edce57f7a13fd4,false,101.68,96.99,105.68,83.6,127;2;0;1,time,15,-1,0,14.99,0,0,false,false,english,,normal,false,false,false,,1779168423000
6a0bf47732edce57f7a13e30,false,107.24,100,107.24,77.07,134;0;0;0,time,15,-1,0,14.99,0,0,false,false,english,,normal,false,false,false,,1779168375000
6a0bf46732edce57f7a13d9f,false,102.48,97.01,106.49,77.44,128;2;0;0,time,15,-1,0,14.99,0,0,false,false,english,,normal,false,false,false,,1779168359000
6a0bf45632edce57f7a13d17,false,103.24,97.74,103.24,78.26,129;0;0;0,time,15,-1,1,14.99,0,1.06,false,false,english,,normal,false,false,false,,1779168342000
6a0bf44232edce57f7a13c69,false,93.66,94.53,101.67,86.56,117;5;0;1,time,15,-1,7,14.99,0,27.56,false,false,english,,normal,false,false,false,,1779168322000
6a0bf36032edce57f7a134fd,false,98.36,98.11,98.36,63.43,52;0;0;0,words,10,-1,0,6.34,0,0,false,false,english,,normal,false,false,false,,1779168096000
6a0bf35932edce57f7a134b8,false,91.9,82.69,117.17,61.36,40;5;1;0,words,10,-1,0,5.22,0,0,false,false,english,,normal,false,false,false,,1779168089000
6a0bf35132edce57f7a1347b,false,131.31,100,131.31,76.95,59;0;0;0,words,10,-1,4,5.39,0,11.37,false,false,english,,normal,false,false,false,,1779168081000
6a0bf33b32edce57f7a133b6,false,105.89,95.92,123.53,87.28,42;1;0;1,words,10,-1,0,4.76,0,0,false,false,english,,normal,false,false,false,,1779168059000
6a0bf33432edce57f7a1337b,false,119.4,100,119.4,73.1,46;0;0;0,words,10,-1,2,4.62,0,6.57,false,false,english,,normal,false,false,false,,1779168052000
6a0bf32432edce57f7a132ec,false,116.35,100,116.35,76.29,47;0;0;0,words,10,-1,1,4.85,0,1.77,false,false,english,,normal,false,false,false,,1779168036000
6a0bf31b32edce57f7a132a2,false,99.05,94.34,99.05,51.76,50;0;0;0,words,10,-1,0,6.06,0,0,false,false,english,,normal,false,false,false,,1779168027000
6a0bf31332edce57f7a13267,false,128.77,100,128.77,53.21,43;0;0;0,words,10,-1,3,4.01,0,6.55,false,false,english,,normal,false,false,false,,1779168019000
6a0bf30432edce57f7a131f3,false,100.13,94.83,116.15,85.87,50;2;0;0,words,10,-1,0,5.99,0,0,false,false,english,,normal,false,false,false,,1779168004000
6a0bf2fd32edce57f7a131bf,false,92.89,86.27,115.55,74.81,41;5;0;2,words,10,-1,0,5.3,0,0,false,false,english,,normal,false,false,false,,1779167997000
6a0bf2f632edce57f7a1317e,false,111.91,100,111.91,86.34,52;0;0;0,words,10,-1,0,5.58,0,0,false,false,english,,normal,false,false,false,,1779167990000
6a0bf2ef32edce57f7a13140,false,109.01,100,109.01,74.43,58;0;0;0,words,10,-1,0,6.38,0,0,false,false,english,,normal,false,false,false,,1779167983000
6a0bf2e732edce57f7a130fe,false,105.08,95.74,123.47,81.82,40;1;0;1,words,10,-1,1,4.57,0,3.68,false,false,english,,normal,false,false,false,,1779167975000
6a0bf2dc32edce57f7a130a5,false,68.55,91.49,97.63,73.16,33;1;1;1,words,10,-1,4,5.78,0,4.61,false,false,english,,normal,false,false,false,,1779167964000
6a0bf2b832edce57f7a12f54,false,96.49,84.91,114.04,68.38,44;5;1;0,words,10,-1,1,5.47,0,1.28,false,false,english,,normal,false,false,false,,1779167928000
6a0bf2ae32edce57f7a12f06,false,126.45,100,126.45,84.69,58;0;0;0,words,10,-1,1,5.5,0,3.81,false,false,english,,normal,false,false,false,,1779167918000
6a0bf2a332edce57f7a12ea1,false,101,94.34,113.89,74.39,47;2;0;0,words,10,-1,0,5.58,0,0,false,false,english,,normal,false,false,false,,1779167907000
6a0bf29c32edce57f7a12e60,false,124,98.08,124,81.06,51;0;0;0,words,10,-1,2,4.94,0,3.15,false,false,english,,normal,false,false,false,,1779167900000
6a0bf29032edce57f7a12dfa,false,120.64,100,120.64,75.18,53;0;0;0,words,10,-1,1,5.27,0,5.59,false,false,english,,normal,false,false,false,,1779167888000
6a0bf28032edce57f7a12d6b,false,134.58,100,134.58,93,54;0;0;0,words,10,-1,3,4.82,0,8.91,false,false,english,,normal,false,false,false,,1779167872000
6a0bf26732edce57f7a12c9c,true,141.1,100,141.1,81.27,41;0;0;0,words,10,-1,0,3.49,0,0,false,false,english,,normal,false,false,false,,1779167847000
6a0bf26232edce57f7a12c74,false,95.81,92.73,112.12,85.22,47;2;1;0,words,10,-1,0,5.89,0,0,false,false,english,,normal,false,false,false,,1779167842000
6a0bf25b32edce57f7a12c2d,false,112.28,94.55,131.39,59.01,47;2;0;0,words,10,-1,0,5.02,0,0,false,false,english,,normal,false,false,false,,1779167835000
6a0bf25532edce57f7a12bf7,false,118.3,100,118.3,76.06,53;0;0;0,words,10,-1,0,5.38,0,0,false,false,english,,normal,false,false,false,,1779167829000
6a0bf24e32edce57f7a12bba,false,89.68,94.44,89.68,70.5,51;0;0;0,words,10,-1,0,6.82,0,0,false,false,english,,normal,false,false,false,,1779167822000
6a0bf24632edce57f7a12b75,false,93.43,98.11,93.43,77.38,52;0;0;0,words,10,-1,0,6.68,0,0,false,false,english,,normal,false,false,false,,1779167814000
6a0bf23e32edce57f7a12b41,false,103.83,98,103.83,81.44,49;0;0;0,words,10,-1,3,5.66,0,10.56,false,false,english,,normal,false,false,false,,1779167806000
6a0bf22732edce57f7a12a93,false,109.72,100,109.72,89.94,52;0;0;0,words,10,-1,0,5.69,0,0,false,false,english,,normal,false,false,false,,1779167783000
6a0bf21f32edce57f7a12a52,false,95.28,88.68,117.43,68.38,43;3;1;0,words,10,-1,1,5.42,0,2.62,false,false,english,,normal,false,false,false,,1779167775000
6a0bf21532edce57f7a12a08,false,113.28,100,113.28,66.05,58;0;0;0,words,10,-1,4,6.14,0,12.73,false,false,english,,normal,false,false,false,,1779167765000
6a0bf1e232edce57f7a12844,false,115.2,100,115.2,87.8,44;0;0;0,words,10,-1,8,4.58,0,25.8,false,false,english,,normal,false,false,false,,1779167714000
6a0bf1b932edce57f7a126de,false,108.77,95.92,123.95,94.17,43;0;1;0,words,10,-1,0,4.74,0,0,false,false,english,,normal,false,false,false,,1779167673000
6a0bf1b332edce57f7a126ac,false,111.39,100,111.39,56.8,47;0;0;0,words,10,-1,0,5.06,0,0,false,false,english,,normal,false,false,false,,1779167667000
6a0bf1ac32edce57f7a12674,false,118.55,100,118.55,69.72,52;0;0;0,words,10,-1,0,5.26,0,0,false,false,english,,normal,false,false,false,,1779167660000
6a0bf1a532edce57f7a1263c,false,122.92,100,122.92,88.57,49;0;0;0,words,10,-1,6,4.78,0,18.83,false,false,english,,normal,false,false,false,,1779167653000
6a0bf18332edce57f7a12553,false,87.69,96.61,87.69,64.65,57;0;0;0,words,10,-1,5,7.8,0,15.25,false,false,english,,normal,false,false,false,,1779167619000
6a0bf16332edce57f7a12460,false,103.14,90.38,121.89,63.73,44;3;0;1,words,10,-1,1,5.12,0,4.4,false,false,english,,normal,false,false,false,,1779167587000
6a0bf15632edce57f7a123f1,false,121.69,100,121.69,63.73,52;0;0;0,words,10,-1,12,5.13,0,14.75,false,false,english,,normal,false,false,false,,1779167574000
6a0bf0ee32edce57f7a120e2,false,120.65,94.23,136.38,87.52,46;2;0;0,words,10,-1,3,4.58,0,6.32,false,false,english,,normal,false,false,false,,1779167470000
6a0bf05a32edce57f7a11c70,false,133.25,100,133.25,59.88,47;0;0;0,words,10,-1,1,4.23,0,6.48,false,false,english,,normal,false,false,false,,1779167322000
66c2cb9a91888c3435e91d57,false,95.99,91.18,105.59,78.14,120;5;1;1,time,15,-1,0,15,0,0,false,false,english,,normal,false,false,false,,1724042138000
66c2cb8791888c3435e91cac,false,112.76,95.97,119.16,82.19,141;4;1;0,time,15,-1,0,15,0,0,false,false,english,,normal,false,false,false,,1724042119000
66c2cb7691888c3435e91c23,false,77.56,89.92,92.75,64.52,97;6;1;2,time,15,-1,5,15.01,0,28.45,false,false,english,,normal,false,false,false,,1724042102000
65b3448311c8b786c0ddc071,false,91.92,91.11,107.11,71.31,115;7;1;0,time,15,-1,23,15.01,0,76.78,false,false,english,,normal,false,false,false,,1706247299000
65b3440111c8b786c0ddbc73,false,99.1,94.16,108.69,78.52,124;5;0;1,time,15,-1,11,15.02,0,37.02,false,false,english,,normal,false,false,false,,1706247169000
65b343ba11c8b786c0ddba3d,false,103.15,95.65,109.54,83.07,129;2;0;5,time,15,-1,1,15.01,0,2.87,false,false,english,,normal,false,false,false,,1706247098000
65b3439b11c8b786c0ddb948,false,107.98,96.17,112.38,80.41,270;4;0;1,time,30,-1,2,30.01,0,1.19,false,false,english,,normal,false,false,false,,1706247067000
65a6b0b8908c90eb441f27b6,false,98.38,94.05,103.98,76.7,246;6;0;2,time,30,-1,10,30.01,0,88.28,false,false,english,,normal,false,false,false,,1705423032000
65a6b030908c90eb441f201a,false,105.19,96.81,112.39,81.86,263;4;1;2,time,30,-1,5,30,0,22.34,false,false,english,,normal,false,false,false,,1705422896000
65a6af43908c90eb441f12e8,false,106.34,95.74,111.13,76.76,133;3;0;1,time,15,-1,2,15.01,0,2.38,false,false,english,,normal,false,false,false,,1705422659000
65a6af2c908c90eb441f1199,false,102.36,99.22,102.36,73.9,128;0;0;0,time,15,-1,7,15.01,0,19.28,false,false,english,,normal,false,false,false,,1705422636000
65a6aeef908c90eb441f0e4a,false,103.17,95.62,108.77,83.1,129;3;0;1,time,15,-1,9,15,0,57.23,false,false,english,,normal,false,false,false,,1705422575000
65a6ae93908c90eb441f0944,false,111.17,94.04,119.97,79.98,139;4;2;0,time,15,-1,0,15,0,0,false,false,english,,normal,false,false,false,,1705422483000
65a6ae82908c90eb441f085b,false,101.59,95.52,106.39,78.58,127;3;1;0,time,15,-1,0,15,0,0,false,false,english,,normal,false,false,false,,1705422466000
65a6ae70908c90eb441f0765,false,107.13,95.8,114.33,83.36,134;4;1;0,time,15,-1,2,15.01,0,16.22,false,false,english,,normal,false,false,false,,1705422448000
65a6ae37908c90eb441f0491,false,108.74,98.55,108.74,84.03,136;0;0;0,time,15,-1,7,15.01,0,47.55,false,false,english,,normal,false,false,false,,1705422391000
65a03ca6f8d3bd59510f08e1,false,96.71,94.16,107.9,69.07,121;4;0;1,time,15,-1,3,15.01,0,12.79,false,false,english,,normal,false,false,false,,1705000089000
65a03c6ef8d3bd59510f06a8,false,103.14,97.73,104.73,80.89,129;1;0;1,time,15,-1,3,15.01,0,10.75,false,false,english,,normal,false,false,false,,1705000046000
65a03c48f8d3bd59510f044c,false,104.69,98.5,105.49,78.65,131;1;0;0,time,15,-1,1,15.02,0,2.22,false,false,english,,normal,false,false,false,,1705000007000
65a03c2df8d3bd59510f02a5,false,112.75,99.3,112.75,81.96,141;0;0;0,time,15,-1,20,15.01,0,58.06,false,false,english,,normal,false,false,false,,1704999981000
65a03b9df8d3bd59510efa3c,false,115.15,100,115.15,83.51,144;0;0;0,time,15,-1,21,15.01,0,86.82,false,false,english,,normal,false,false,false,,1704999837000
65a03b0af8d3bd59510ef1c8,false,110.39,97.9,110.39,75.22,138;0;0;0,time,15,-1,6,15,0,41.37,false,false,english,,normal,false,false,false,,1704999690000
65a03ac7f8d3bd59510eedf0,false,103.96,97.74,103.96,77.12,130;0;0;0,time,15,-1,9,15.01,0,55.65,false,false,english,,normal,false,false,false,,1704999623000
65a03a73f8d3bd59510ee95e,false,90.36,90,111.15,75.67,113;6;3;1,time,15,-1,7,15.01,0,29.78,false,false,english,,normal,false,false,false,,1704999539000
65a03a2af8d3bd59510ee56a,false,111.96,99.29,111.96,82.28,140;0;0;0,time,15,-1,13,15.01,0,34.86,false,false,english,,normal,false,false,false,,1704999466000
65a038d3f8d3bd59510ed23f,false,69.55,95.6,69.55,71.47,87;0;0;0,time,15,-1,1,15.01,0,5.93,false,false,swedish,,normal,false,false,false,,1704999123000
65a038bbf8d3bd59510ed0d4,false,66.36,95.6,71.16,71.47,83;1;0;0,time,15,-1,0,15.01,0,0,false,false,swedish,,normal,false,false,false,,1704999099000
65a038aaf8d3bd59510ecfe7,false,72.73,97.85,72.73,77.81,91;0;0;0,time,15,-1,3,15.01,0,19.55,false,false,swedish,,normal,false,false,false,,1704999082000
65a03880f8d3bd59510ecd5f,true,79.98,99.02,79.98,74.14,100;0;0;0,time,15,-1,0,15,0,0,false,false,swedish,,normal,false,false,false,,1704999039000
65a0384ef8d3bd59510eca88,true,67.98,97.7,67.98,72.42,85;0;0;0,time,15,-1,0,15,0,0,false,false,swedish,,normal,false,false,false,,1704998990000
65a0383cf8d3bd59510ec98c,false,63.19,93.1,65.59,63.74,79;1;0;0,time,15,-1,2,15,0,13.62,false,false,swedish,,normal,false,false,false,,1704998972000
65a0381cf8d3bd59510ec7ae,true,64.77,90.22,67.97,72.16,81;1;0;0,time,15,-1,1,15.01,0,0.9,false,false,swedish,,normal,false,false,false,,1704998940000
65a037c1f8d3bd59510ec264,true,64.76,97.59,64.76,69.15,81;0;0;0,time,15,-1,2,15.01,0,13.59,false,false,swedish,,normal,false,false,false,,1704998849000
65a0371cf8d3bd59510eb94a,false,109.55,97.92,114.35,84.88,137;0;1;0,time,15,-1,0,15.01,0,0,false,false,english,,normal,false,false,false,,1704998684000
65a03709f8d3bd59510eb84f,false,103.18,99.23,103.18,74.84,129;0;0;0,time,15,-1,6,15,0,12.56,false,false,english,,normal,false,false,false,,1704998664000
65a036e2f8d3bd59510eb631,false,104.78,99.24,104.78,74.69,131;0;0;0,time,15,-1,14,15,0,67.96,false,false,english,,normal,false,false,false,,1704998626000
65a03678f8d3bd59510eb077,false,96.77,96.09,100.76,74.02,121;2;0;0,time,15,-1,1,15.01,0,6.72,false,false,english,,normal,false,false,false,,1704998520000
65a035edf8d3bd59510ea893,false,103.2,93.01,114.4,73.78,129;6;2;0,time,15,-1,0,15,0,0,false,false,english,,normal,false,false,false,,1704998381000
65a035dcf8d3bd59510ea7b2,false,94.34,88.73,112.72,80.38,118;9;2;1,time,15,-1,0,15.01,0,0,false,false,english,,normal,false,false,false,,1704998364000
65a035b3f8d3bd59510ea539,false,101.56,95.04,111.15,81.86,127;3;0;2,time,15,-1,1,15.01,0,0.2,false,false,english,,normal,false,false,false,,1704998323000
65a0359ff8d3bd59510ea422,false,99.17,92.91,111.96,80.66,124;2;5;0,time,15,-1,1,15,0,0.13,false,false,english,,normal,false,false,false,,1704998303000
65a0358cf8d3bd59510ea318,false,101.56,97.73,103.96,74.36,127;0;0;1,time,15,-1,0,15.01,0,0,false,false,english,,normal,false,false,false,,1704998283000
65a03577f8d3bd59510ea209,false,107.96,95.83,113.55,76.93,135;3;0;1,time,15,-1,1,15.01,0,0.56,false,false,english,,normal,false,false,false,,1704998263000
648bbf8e266cd87a3ab863cb,false,103.93,97.84,111.13,77.2,130;1;0;1,time,15,-1,48,15.01,0,92.53,false,false,english,,normal,false,false,false,,1686880142000
648bbe46266cd87a3ab1d8da,false,61.2,91.81,66.8,64.59,153;5;2;1,time,30,-1,0,30,0,0,false,false,swedish,,normal,false,false,false,,1686879814000
648bbd7e266cd87a3ab1d38a,false,98.8,93.04,108.4,78.51,247;12;1;1,time,30,-1,1,30,0,0.84,false,false,english,,normal,false,false,false,,1686879614000
64360868efc8e3ce5198530d,false,99.2,97.71,104,81.08,248;2;0;1,time,30,-1,0,30,0,0,false,false,english,,normal,false,false,false,,1681262696000
642e1b8ad0748fce688c4774,false,97.97,98.48,105.16,82.34,245;5;2;1,time,30,-1,17,30.01,0,198.84,false,false,english,,normal,false,false,false,,1680743306000
642e1a3bd0748fce688c3eee,false,85.17,91.29,91.17,67.15,213;7;1;0,time,30,-1,2,30.01,0,63.45,false,false,english,,normal,false,false,false,,1680742971000
64164c67fe979dd89a73860b,false,62.8,96.66,64.2,64.38,314;2;0;0,time,60,-1,0,60,0,0,false,false,swedish,,normal,false,false,false,,1679182951000
64164c29fe979dd89a738515,false,63.19,94.97,64.19,65.71,316;3;0;1,time,60,-1,1,60.01,0,58.49,false,false,swedish,,normal,false,false,false,,1679182889000
641647b6fe979dd89a6d9f6b,false,37.59,91.63,41.99,52.04,188;3;0;0,time,60,-1,1,60.01,0,6.95,false,false,icelandic_1k,,normal,false,false,false,,1679181750000
6416476efe979dd89a6d9e0d,true,39.6,92.38,42.4,52.43,198;3;1;0,time,60,-1,0,60,2,0,false,false,icelandic_1k,,normal,false,false,false,,1679181678000
6416472dfe979dd89a6d9cc3,true,37.39,91,38.59,43.5,187;1;0;0,time,60,-1,0,60.01,1,0,false,false,icelandic_1k,,normal,false,false,false,,1679181613000
641646eefe979dd89a6d9b7c,true,20.6,78.62,26,23.1,103;3;1;0,time,60,-1,0,60,3,0,false,false,icelandic_1k,,normal,false,false,false,,1679181550000
6416455bfe979dd89a67c36f,true,69.78,96.21,71.78,70.05,349;2;0;0,time,60,-1,0,60.02,0,0,false,false,swedish,,normal,false,false,false,,1679181147000
64164510fe979dd89a67c1d0,true,31.2,95.4,33.8,54.79,156;1;0;1,time,60,-1,0,60,1,0,false,false,swedish_diacritics,,normal,false,false,false,,1679181072000
641644c5fe979dd89a67c033,true,30,93.53,32.59,59.7,150;2;1;0,time,60,-1,3,60.01,0,70.01,false,false,swedish_diacritics,,normal,false,false,false,,1679180997000
6416441bfe979dd89a67bd0f,false,56.99,93.65,61.19,67.08,285;8;0;2,time,60,-1,0,60.01,0,0,false,false,swedish,,normal,false,false,false,,1679180827000
641643b1fe979dd89a67bb5b,false,66.19,96.51,66.19,69.15,331;0;0;0,time,60,-1,0,60.01,0,0,false,false,swedish,,normal,false,false,false,,1679180721000
6416436dfe979dd89a67ba48,false,61,93.95,67.4,70.37,305;6;0;1,time,60,-1,1,60,0,34.53,false,false,swedish,,normal,false,false,false,,1679180653000
6416430bfe979dd89a67b8ab,false,65.59,94.62,68.79,72.23,328;6;0;1,time,60,-1,0,60.01,0,0,false,false,swedish,,normal,false,false,false,,1679180555000
641642bcfe979dd89a67b741,true,67.2,97.4,68,69.25,336;2;0;1,time,60,-1,0,60,0,0,false,false,swedish,,normal,false,false,false,,1679180476000
6416423bfe979dd89a61e404,false,59,94.1,61.8,61.38,295;3;1;0,time,60,-1,0,60,0,0,false,false,swedish,,normal,false,false,false,,1679180347000
641641fbfe979dd89a61e2d0,false,54.39,92.91,55.59,62.66,272;1;0;1,time,60,-1,2,60.01,0,36.47,false,false,swedish,,normal,false,false,false,,1679180283000
63f540c8c283c730c37db487,true,59.78,98.37,60.58,66.9,299;1;0;0,time,60,-1,0,60.02,0,0,false,false,swedish,,normal,false,false,false,,1677017288000
63f54089c283c730c37db274,true,56.79,94.17,63.39,67.54,284;5;0;1,time,60,-1,0,60.01,0,0,false,false,swedish,,normal,false,false,false,,1677017225000
63f54041c283c730c37db013,true,74.78,97.45,77.57,81.58,187;2;0;0,time,30,-1,1,30.01,0,22.02,false,false,swedish,,normal,false,false,false,,1677017153000
63f54001c283c730c37daddf,false,58.38,96.1,59.58,61.8,146;1;0;1,time,30,-1,0,30.01,0,0,false,false,swedish,,normal,false,false,false,,1677017089000
63f53fe0c283c730c37dace8,false,56.78,94.7,58.38,56.07,142;2;0;1,time,30,-1,0,30.01,1,0,false,false,swedish,,normal,false,false,false,,1677017056000
63f53fa9c283c730c37dab3e,false,53.56,91.93,61.96,70.16,134;5;1;0,time,30,-1,0,30.02,0,0,false,false,german,,normal,false,false,false,,1677017001000
63f53f82c283c730c37daa00,false,59.58,98.03,59.58,61.57,149;0;0;0,time,30,-1,1,30.01,0,22.6,false,false,german,,normal,false,false,false,,1677016962000
63f53f4ac283c730c37da856,false,54.8,94.16,57.6,63.49,137;0;0;1,time,30,-1,0,30,0,0,false,false,german,,normal,false,false,false,,1677016906000
63f53f29c283c730c37da756,true,71.6,98.37,73.2,74.14,179;2;0;0,time,30,-1,0,30,0,0,false,false,german,,normal,false,false,false,,1677016873000
63f53f0ac283c730c37da64f,false,56.76,94.12,58.76,64.81,142;3;0;1,time,30,-1,1,30.02,0,2.92,false,false,german,,normal,false,false,false,,1677016842000
63f53ee4c283c730c37da4ec,true,65.58,97.04,65.58,65.26,164;0;0;0,time,30,-1,0,30.01,0,0,false,false,german,,normal,false,false,false,,1677016804000
63f53e12cd1271d9fedcfeee,true,46.78,89.71,50.78,49.57,117;4;0;1,time,30,-1,0,30.01,1,0,false,false,german,,normal,false,false,false,,1677016594000
63f53cbdcd1271d9fedcf3a1,false,100.8,93.66,113.2,83.93,252;11;2;1,time,30,-1,1,30,0,29.93,false,false,english,,normal,false,false,false,,1677016253000
63f53c68cd1271d9fedcf0f3,false,54.78,96.53,55.98,60.35,137;1;0;0,time,30,-1,0,30.01,0,0,false,false,swedish,,normal,false,false,false,,1677016168000
63f53c41cd1271d9fedcefb3,false,52,91.45,60,60.57,130;6;1;0,time,30,-1,0,30,0,0,false,false,swedish,,normal,false,false,false,,1677016129000
63badc4ccd6db925864bcee0,false,102.77,95.93,106.76,78.34,257;6;0;3,time,30,-1,2,30.01,0,9.82,false,false,english,,normal,false,false,false,,1673190476000
639cd36a3bafcbd101c50e74,false,107.96,98.92,109.96,76.83,270;0;0;1,time,30,-1,5,30.01,0,53.24,false,false,english,nausea,normal,false,false,false,,1671222122000
6387e5226cf2de7f1411ad29,false,96.79,97.65,96.79,74.07,83;0;0;0,quote,4050,0,1,10.29,0,3.95,false,false,english,,normal,false,false,false,,1669850402000
6387e5106cf2de7f1411aca2,false,105.49,97.56,105.49,68.3,80;0;0;0,quote,5244,0,1,9.1,0,6.56,false,false,english,,normal,false,false,false,,1669850384000
6387e4fd6cf2de7f1411ac29,false,111.02,100,111.02,57.43,47;0;0;0,quote,42,0,5,5.08,0,26.78,false,false,english,,normal,false,false,false,,1669850365000
6387e4d26cf2de7f1411aaff,false,91.76,89.8,115.29,63,39;3;0;2,quote,6214,0,1,5.1,0,8.22,false,false,english,,normal,false,false,false,,1669850322000
6387e4c16cf2de7f1411aa8d,false,97.3,98.9,97.3,62.16,90;0;0;0,quote,43,0,4,11.1,0,6.67,false,false,english,,normal,false,false,false,,1669850305000
6387e4a66cf2de7f1411a9e1,false,96.7,96.63,102.52,64.09,83;0;1;0,quote,4644,0,0,10.3,0,0,false,false,english,,normal,false,false,false,,1669850278000
6387e4996cf2de7f1411a9a3,false,97.62,96.67,100.98,58.93,58;1;0;0,quote,6294,0,14,7.13,0,31.89,false,false,english,,normal,false,false,false,,1669850265000
6387e4546cf2de7f1411a7fa,false,107.14,100,107.14,92.44,70;0;0;0,quote,5177,0,3,7.84,0,3.94,false,false,english,,normal,false,false,false,,1669850196000
6387e43e6cf2de7f1411a765,false,122.18,100,122.18,64.31,73;0;0;0,quote,207,0,20,7.17,0,54.98,false,false,english,,normal,false,false,false,,1669850174000
637e9a2829e6b7412eed8b6e,false,90.5,98.33,100.56,64.73,54;0;0;1,quote,5797,0,7,7.16,0,18.09,false,false,english,,normal,false,false,false,,1669241384000
637e9a0429e6b7412eed8a68,false,109.77,100,109.77,56.09,74;0;0;0,quote,4506,0,5,8.09,0,14.68,false,false,english,,normal,false,false,false,,1669241348000
637e99e329e6b7412eed8980,false,103.99,94.05,114.94,94.95,76;3;1;0,quote,4504,0,1,8.77,0,0.42,false,false,english,,normal,false,false,false,,1669241315000
63741ed49500f305f22f0b46,false,104,98.86,104,78.62,260;0;0;0,time,30,-1,6,30,0,45.82,false,false,english,nausea,normal,false,false,false,,1668554452000
6372f13b31bc828430e7f397,false,110.36,96.53,114.36,79.95,276;6;0;2,time,30,-1,3,30.01,0,3.18,false,false,english,,normal,false,false,false,,1668477243000
6372f11331bc828430e7f245,false,97.97,94.55,109.16,82.85,245;9;0;2,time,30,-1,19,30.01,0,174.57,false,false,english,,normal,false,false,false,,1668477203000
6364d7db11abbca9233c0900,false,59.6,93.33,64,70.4,149;3;0;0,time,30,-1,1,30,0,7.78,false,false,swedish,,normal,false,false,false,,1667553243000
6364d7ab11abbca9233c07c8,false,65.98,95,71.18,78.06,165;4;0;0,time,30,-1,0,30.01,0,0,false,false,swedish,,normal,false,false,false,,1667553195000
635c750ae04535b68aa84d73,false,64.36,94.38,69.15,67.46,161;2;0;1,time,30,-1,0,30.02,0,0,false,false,swedish,,normal,false,false,false,,1667003658000
635c74eae04535b68aa84cd7,false,66.36,92.78,69.55,76.04,166;5;0;2,time,30,-1,3,30.02,0,56.19,false,false,swedish,,normal,false,false,false,,1667003626000
635c748ce04535b68aa84b21,false,46.37,91.43,54.36,50.51,116;5;0;0,time,30,-1,7,30.02,0,63.5,false,false,swedish,,normal,false,false,false,,1667003532000
635c7420e04535b68aa84957,true,71.6,97.81,71.6,72.78,179;0;0;0,time,30,-1,0,30,0,0,false,false,swedish,,normal,false,false,false,,1667003424000
635c73fee04535b68aa5f9f6,false,67.58,96.61,68.78,72.55,169;0;0;1,time,30,-1,5,30.01,0,65.93,false,false,swedish,,normal,false,false,false,,1667003390000
635c738de04535b68aa3a87c,true,70.38,96.76,71.98,69.5,176;0;0;1,time,30,-1,0,30.01,0,0,false,false,swedish,,normal,false,false,false,,1667003277000
635c735ce04535b68aa3a793,false,91.22,100,91.22,73.51,58;0;0;0,quote,62,0,0,7.63,0,0,false,false,swedish,,normal,false,false,false,,1667003228000
635c7350e04535b68aa3a75a,false,67.75,81.03,87.33,76.36,45;8;1;1,quote,62,0,1,7.97,0,2.32,false,false,swedish,,normal,false,false,false,,1667003216000
635c732be04535b68aa3a6aa,false,66.67,81.03,85.93,67.2,45;8;1;1,quote,62,0,4,8.1,0,4.32,false,false,swedish,,normal,false,false,false,,1667003179000
62e69681303adee4628953d1,false,95.97,90.31,114.36,76.41,240;15;3;2,time,30,-1,2,30.01,0,14.54,false,false,english,,normal,false,false,false,,1659278977000
62d73863303adee46259f9dc,false,104,95.37,112,78.74,260;8;1;0,time,30,-1,0,30,0,0,false,false,english,,normal,false,false,false,,1658271843000
62d73843303adee46259f957,false,99.17,94.42,106.36,79.14,248;7;2;1,time,30,-1,17,30.01,0,96.35,false,false,english,,normal,false,false,false,,1658271811000
6271b839cd2dd5da23d0866f,false,111.2,94.63,119.2,87.55,139;6;0;1,time,15,-1,77,15,0,230.53,false,false,english,,normal,false,false,false,,1651619897000
6271b661cd2dd5da23c795d6,true,111.6,98.95,114,84.99,279;1;0;1,time,30,-1,0,30,0,0,false,false,english,,normal,false,false,false,,1651619425000
626f96a4cd2dd5da235f4e75,true,64,99.38,64,60.79,160;0;0;0,time,30,-1,4,30,0,51.11,false,false,swedish,,normal,false,false,false,,1651480228000
626f95cfcd2dd5da23566c20,true,61.18,97.52,64.38,64.82,153;1;1;0,time,30,-1,4,30.01,0,41.91,false,false,swedish,,normal,false,false,false,,1651480015000
626f957ccd2dd5da23566a75,false,49.58,95.56,53.18,44.95,124;3;0;0,time,30,-1,2,30.01,2,37,false,false,swedish,,normal,false,false,false,,1651479932000
626f9533cd2dd5da235668fe,false,49.2,92.41,55.6,67.47,123;3;0;0,time,30,-1,0,30,0,0,false,false,swedish,,normal,false,false,false,,1651479859000
626f9513cd2dd5da23566845,true,53.2,93.96,57.6,61.29,133;2;0;0,time,30,-1,1,30,0,0.12,false,false,swedish,,normal,false,false,false,,1651479827000
626f94f0cd2dd5da23566791,true,47.58,93.8,50.78,53.88,119;3;1;0,time,30,-1,17,30.01,0,165.76,false,false,swedish,,normal,false,false,false,,1651479792000
626f93fdcd2dd5da235662c7,false,59.2,93.9,64.8,77.98,74;3;0;1,time,15,-1,10,15,0,57.33,false,false,malay,,normal,false,false,false,,1651479549000
626f938ecd2dd5da2356608e,true,63.96,97.67,68.75,68.5,80;0;1;0,time,15,-1,0,15.01,0,0,false,false,malay,,normal,false,false,false,,1651479438000
626f92a1cd2dd5da234d7d99,false,107.13,97.87,112.72,81.86,134;2;0;1,time,15,-1,8,15.01,0,59.69,false,false,english,,normal,false,false,false,,1651479201000
626f9248cd2dd5da234d7b9f,false,99.13,97.73,105.53,83.82,124;2;0;0,time,15,-1,7,15.01,0,27.12,false,false,english,,normal,false,false,false,,1651479112000
626f9212cd2dd5da234d7a79,false,102.33,99.24,105.53,83.82,128;0;0;2,time,15,-1,0,15.01,0,0,false,false,english,,normal,false,false,false,,1651479058000
626f9201cd2dd5da234d7a11,false,103.93,95.1,114.32,80.9,130;3;1;2,time,15,-1,9,15.01,0,69.48,false,false,english,,normal,false,false,false,,1651479041000
626f919dcd2dd5da234d7801,false,107.93,97.92,115.12,83.07,135;2;0;0,time,15,-1,1,15.01,0,13.21,false,false,english,,normal,false,false,false,,1651478941000
626d48bbcd2dd5da238341b2,false,100.73,96.38,110.33,82.16,126;3;0;1,time,15,-1,0,15.01,0,0,false,false,english,,normal,false,false,false,,1651329211000
626d48aacd2dd5da23834143,false,101.46,91.16,116.64,77.58,127;9;1;1,time,15,-1,2,15.02,0,17.24,false,false,english,,normal,false,false,false,,1651329194000
626050603b23f17a32c7b97f,false,108.66,93.46,122.24,85.15,136;6;1;2,time,15,-1,12,15.02,0,50.8,false,false,english,,normal,false,false,false,,1650479200000
626050103b23f17a32c7b682,false,110.33,95.27,118.32,83.5,138;4;0;3,time,15,-1,10,15.01,0,14.16,false,false,english,,normal,false,false,false,,1650479120000
62604fe43b23f17a32c7b4ab,false,104,95.68,110.4,75.88,130;4;0;0,time,15,-1,2,15,0,10.04,false,false,english,,normal,false,false,false,,1650479076000
62604fc83b23f17a32c7b384,false,105.53,92,119.92,72.92,132;7;2;0,time,15,-1,3,15.01,0,10.35,false,false,english,,normal,false,false,false,,1650479048000
62604fa63b23f17a32c7b224,false,109.6,99.31,115.2,83.51,137;0;0;1,time,15,-1,52,15,0,106.36,false,false,english,,normal,false,false,false,,1650479014000
62604dbe3b23f17a32c39400,true,93.49,93.77,102.79,77.27,935;33;3;7,time,120,-1,8,120.01,0,50.84,false,false,english,,normal,false,false,false,,1650478526000
62604c743b23f17a32bee81f,true,101.71,92.36,113.1,83.98,482;23;9;2,words,100,-1,15,56.87,0,134.49,false,false,english,,normal,false,false,false,,1650478195000
62604b7f3b23f17a32bede34,true,99.77,96.83,104.38,78.46,477;5;1;3,words,100,-1,15,57.37,0,80.64,false,false,english,,normal,false,false,false,,1650477951000
626049e73b23f17a32b624dd,true,97.21,96.07,102.66,78.09,500;7;3;1,words,100,-1,4,61.72,0,31.25,false,false,english,,normal,false,false,false,,1650477543000
626048ff3b23f17a32b61abb,true,110,98.92,110,80.51,275;0;0;0,time,30,-1,3,30,0,14.88,false,false,english,,normal,false,false,false,,1650477311000
625b83b83b23f17a32e650d6,false,103.57,94.72,112.76,81.35,259;8;2;0,time,30,-1,31,30.01,0,196.41,false,false,english,,normal,false,false,false,,1650164664000
625b3f0c3b23f17a32393de6,false,96.48,89.55,123.12,73.01,105;7;2;1,words,25,-1,1,13.06,0,0.05,false,false,english,,normal,false,false,false,,1650147084000
625b3efb3b23f17a32393d9f,false,103.24,93.44,115.55,82.5,109;5;1;1,words,25,-1,15,12.67,0,57,false,false,english,,normal,false,false,false,,1650147067000
625b3e9b3b23f17a32393bef,false,114.04,97.96,127,80.21,44;0;0;1,words,10,-1,2,4.63,0,5.64,false,false,english,,normal,false,false,false,,1650146971000
625b3e8d3b23f17a32393ba9,false,128,100,128,84.41,48;0;0;0,words,10,-1,17,4.5,0,40.69,false,false,english,,normal,false,false,false,,1650146957000
625b3e3e3b23f17a32393a44,false,132.13,100,132.13,78.21,49;0;0;0,words,10,-1,3,4.45,0,9.09,false,false,english,,normal,false,false,false,,1650146878000
625b3e2b3b23f17a323939e8,false,123.21,100,123.21,69.72,46;0;0;0,words,10,-1,3,4.48,0,5.6,false,false,english,,normal,false,false,false,,1650146859000
625b3e193b23f17a3239398f,false,132.8,100,132.8,94.25,55;0;0;0,words,10,-1,8,4.97,0,20.86,false,false,english,,normal,false,false,false,,1650146841000
625b3df33b23f17a323938e1,false,128.48,100,128.48,89.05,50;0;0;0,words,10,-1,6,4.67,0,12.5,false,false,english,,normal,false,false,false,,1650146803000
625b3d3e3b23f17a32393591,false,101.53,92.41,115.12,85.05,127;5;2;1,time,15,-1,2,15.01,0,20.94,false,false,english,,normal,false,false,false,,1650146622000
625b3d163b23f17a323934da,false,103.93,99.24,103.93,75.1,130;0;0;0,time,15,-1,15,15.01,0,99.73,false,false,english,,normal,false,false,false,,1650146582000
625b3c8a3b23f17a32393244,false,100.8,94.03,105.6,81.51,126;4;1;0,time,15,-1,1,15,0,5.98,false,false,english,,normal,false,false,false,,1650146442000
625b3c733b23f17a323931d3,false,103.13,95.71,111.93,83.56,129;4;1;0,time,15,-1,1,15.01,0,14.35,false,false,english,,normal,false,false,false,,1650146419000
625b3c553b23f17a32352e05,false,112.72,98.61,115.12,87.5,141;2;0;0,time,15,-1,1,15.01,0,2.92,false,false,english,,normal,false,false,false,,1650146389000
625b3c3e3b23f17a323098fe,false,99.13,94.81,107.93,79.31,124;4;1;0,time,15,-1,11,15.01,0,45.4,false,false,english,,normal,false,false,false,,1650146366000
625b2cf93b23f17a320df0cc,false,119.12,100,119.12,88.11,149;0;0;0,time,15,-1,13,15.01,0,60.86,false,false,english,,normal,false,false,false,,1650142457000
625b2c993b23f17a320deecd,false,103.2,87.5,120.8,79.66,129;12;1;2,time,15,-1,28,15,0,133.92,false,false,english,,normal,false,false,false,,1650142361000
625b2bc73b23f17a320deb09,false,99.17,92.34,107.96,77.08,248;11;3;0,time,30,-1,1,30.01,0,7.89,false,false,english,,normal,false,false,false,,1650142151000
625b1d013b23f17a32eb4180,false,100.37,91.29,113.96,81.96,251;17;2;2,time,30,-1,1,30.01,0,21.99,false,false,english,,normal,false,false,false,,1650138369000
625b1b0a3b23f17a32e29fae,false,102,97.73,104.4,73.37,255;2;0;0,time,30,-1,4,30,0,35.24,false,false,english,,normal,false,false,false,,1650137866000
625b1a1a3b23f17a32e29a7e,false,102.98,90.05,118.18,83.78,515;39;7;1,time,60,-1,1,60.01,0,4.56,false,false,english,,normal,false,false,false,,1650137626000
625b180d3b23f17a32d9f7fa,true,106.36,96.26,110.76,79.72,532;8;2;0,time,60,-1,0,60.02,0,0,false,false,english,,normal,false,false,false,,1650137101000
6259eaf43b23f17a32f9f330,false,103.2,96.3,106.4,81.86,129;2;0;0,time,15,-1,5,15,0,9.04,false,false,english,,normal,false,false,false,,1650060020000
6259e2963b23f17a32e00ab9,false,100.73,94.24,109.53,76.87,126;4;0;0,time,15,-1,1,15.01,0,1.06,false,false,english,,normal,false,false,false,,1650057878000
6259e2823b23f17a32e00a54,false,102.33,95.24,116.72,79.52,128;3;0;1,time,15,-1,5,15.01,0,21.36,false,false,english,,normal,false,false,false,,1650057858000
6259e2433b23f17a32e008e7,false,100.73,89.33,118.32,74.18,126;9;2;0,time,15,-1,18,15.01,0,107.84,false,false,english,,normal,false,false,false,,1650057795000
6259e1b23b23f17a32e005f5,false,98.33,94.78,105.53,78.97,123;3;0;2,time,15,-1,3,15.01,0,40.09,false,false,english,,normal,false,false,false,,1650057650000
6259e0a43b23f17a32e000dd,false,92.39,94.14,103.62,74.53,255;8;0;2,custom,custom,-1,0,33.12,0,0,false,false,english,,normal,false,false,false,,1650057380000
6259e07d3b23f17a32e0003b,false,110.33,96.5,113.52,83.36,138;2;1;0,time,15,-1,6,15.01,0,37.56,false,false,english,,normal,false,false,false,,1650057341000
6259e0313b23f17a32d76a0f,false,103.13,98.48,105.53,83.3,129;1;0;1,time,15,-1,8,15.01,0,29.76,false,false,english,,normal,false,false,false,,1650057265000
6259dff83b23f17a32d768f1,false,103.13,91.61,114.32,80.9,129;8;1;5,time,15,-1,0,15.01,0,0,false,false,english,,normal,false,false,false,,1650057208000
6259dfe73b23f17a32d768a7,false,95.94,94.78,106.33,77.81,120;3;1;1,time,15,-1,0,15.01,0,0,false,false,english,,normal,false,false,false,,1650057191000
6259dfd63b23f17a32d7684f,false,100.8,96.24,104,77.87,126;2;0;0,time,15,-1,1,15,0,12.46,false,false,english,,normal,false,false,false,,1650057174000
6259dfb63b23f17a32d767a8,false,97.47,89.51,114.25,87.97,122;9;3;0,time,15,-1,0,15.02,0,0,false,false,english,,normal,false,false,false,,1650057142000
6259df773b23f17a32d76654,false,105.53,91.78,116.72,86.23,132;9;1;0,time,15,-1,9,15.01,0,49.88,false,false,english,,normal,false,false,false,,1650057079000
6259df0e3b23f17a32d76461,false,103.13,91.33,119.92,77.49,129;8;1;3,time,15,-1,0,15.01,0,0,false,false,english,,normal,false,false,false,,1650056974000
625787e7523acc373059bf3c,false,103.2,93.71,114.4,87.97,129;7;0;1,time,15,-1,5,15,0,32.96,false,false,english,,normal,false,false,false,,1649903591000
625787af523acc373059bdc9,false,106.33,95.77,113.52,76.9,133;3;1;1,time,15,-1,4,15.01,0,7.2,false,false,english,,normal,false,false,false,,1649903535000
62578794523acc373059bd2e,false,95.94,93.89,104.73,87.83,120;5;1;1,time,15,-1,21,15.01,0,113.29,false,false,english,,normal,false,false,false,,1649903508000
625786f9523acc3730512c4d,false,95.2,95.45,105.6,83.3,119;4;0;1,time,15,-1,3,15,0,17.54,false,false,english,,normal,false,false,false,,1649903353000
625786d4523acc3730512b66,false,99.07,95.45,103.86,78.76,124;3;0;1,time,15,-1,2,15.02,0,1.86,false,false,english,,normal,false,false,false,,1649903316000
625786bf523acc3730512ad4,false,103.2,96.4,109.6,72.01,129;2;0;0,time,15,-1,3,15,0,3.79,false,false,english,,normal,false,false,false,,1649903295000
625786a6523acc3730512a49,false,104.73,99.24,104.73,78.36,131;0;0;0,time,15,-1,3,15.01,0,12.42,false,false,english,,normal,false,false,false,,1649903270000
62578685523acc373051297d,false,103.13,99.24,103.13,80.63,129;0;0;0,time,15,-1,2,15.01,0,2.88,false,false,english,,normal,false,false,false,,1649903237000
6257866d523acc37305128e5,false,102.33,91.1,116.72,91.23,128;8;2;0,time,15,-1,17,15.01,0,75.12,false,false,english,,normal,false,false,false,,1649903213000
625785f3523acc37305125e4,false,97.47,90,110.25,75.67,122;6;3;0,time,15,-1,1,15.02,0,2.48,false,false,english,,normal,false,false,false,,1649903091000
625785df523acc3730512556,false,99.13,94.78,107.13,77.07,124;4;1;1,time,15,-1,8,15.01,0,60.37,false,false,english,,normal,false,false,false,,1649903071000
62578585523acc3730512344,false,99.13,90.6,119.12,81.09,124;9;2;0,time,15,-1,8,15.01,0,21.52,false,false,english,,normal,false,false,false,,1649902981000
62578552523acc3730512207,false,96.8,89.93,111.2,85.54,121;9;2;1,time,15,-1,6,15,0,40.49,false,false,english,,normal,false,false,false,,1649902930000
6257850e523acc373051206b,false,105.53,97.22,115.12,78.89,132;2;0;1,time,15,-1,13,15.01,0,48.34,false,false,english,,normal,false,false,false,,1649902862000
62578005523acc37303fe9cc,false,111.13,98.65,118.32,80.46,139;0;0;2,time,15,-1,11,15.01,0,52.48,false,false,english,,normal,false,false,false,,1649901573000
62577fa8523acc37303fe7d5,false,106.33,97.24,115.92,83.25,133;3;0;0,time,15,-1,1,15.01,0,9.64,false,false,english,,normal,false,false,false,,1649901480000
62577f8c523acc37303fe725,false,106.12,91.89,116.49,81.18,133;7;1;0,time,15,-1,1,15.04,0,8.85,false,false,english,,normal,false,false,false,,1649901452000
6251ab78523acc373001a7ae,false,97.53,88.97,115.92,81.24,122;10;3;0,time,15,-1,4,15.01,0,32.78,false,false,english,,normal,false,false,false,,1649519480000
6251ab40523acc373001a62d,false,93.6,91.91,107.2,72.55,117;6;1;0,time,15,-1,0,15,0,0,false,false,english,,normal,false,false,false,,1649519424000
6251ab2e523acc373001a5ae,false,100,97.69,102.4,65.87,125;0;0;1,time,15,-1,2,15,0,10.2,false,false,english,,normal,false,false,false,,1649519406000
6251ab0f523acc373001a4df,false,101.53,91.95,119.12,88.69,127;7;1;1,time,15,-1,1,15.01,0,7.31,false,false,english,,normal,false,false,false,,1649519375000
6251aaf7523acc373001a44e,false,103.2,95.56,107.2,78.53,129;3;1;0,time,15,-1,7,15,0,31.88,false,false,english,,normal,false,false,false,,1649519351000
624fa3cd523acc3730102e76,false,103.93,90.26,122.32,83.52,130;10;1;0,time,15,-1,12,15.01,0,46.26,false,false,english,,normal,false,false,false,,1649386445000
624fa12a523acc373007aab6,false,99.57,96.6,104.37,74.5,249;3;0;0,time,30,-1,6,30.01,0,82.76,false,false,english,,normal,false,false,false,,1649385770000
624f9feb523acc373007a206,false,99.97,91.76,109.16,74.53,250;12;1;1,time,30,-1,1,30.01,0,18.84,false,false,english,,normal,false,false,false,,1649385451000
624f3488f6bb51345863e922,false,96.4,95.7,101.2,72.81,241;6;0;0,time,30,-1,2,30,0,11.02,false,false,english,,normal,false,false,false,,1649357960000
624922f8f6bb513458c48a39,false,96.4,93.68,113.6,74.54,241;11;0;1,time,30,-1,2,30,0,4.12,false,false,english,,normal,false,false,false,,1648960248000
624922ccf6bb513458c0a380,false,95.6,92.08,105.6,74.17,239;12;3;2,time,30,-1,2,30,0,26.51,false,false,english,,normal,false,false,false,,1648960204000
6249228bf6bb513458bc2f24,false,97.2,94.57,110,78.01,243;8;1;4,time,30,-1,1,30,0,28.33,false,false,english,,normal,false,false,false,,1648960139000
62492237f6bb513458bc2d96,false,96.74,93.84,109.13,75.63,242;6;2;5,time,30,-1,3,30.02,0,35.22,false,false,english,,normal,false,false,false,,1648960055000
624921edf6bb513458bc2c27,false,95.14,93.26,105.13,75.84,238;10;1;2,time,30,-1,7,30.02,0,51.94,false,false,english,,normal,false,false,false,,1648959981000
62492152f6bb513458bc2956,false,103.2,95.99,108,78.9,258;4;0;1,time,30,-1,20,30,0,229.65,false,false,english,,normal,false,false,false,,1648959826000
6244af9087747af8c82c36e9,false,93.17,96.86,101.97,69.66,233;4;0;3,time,30,-1,27,30.01,0,160.57,false,false,english,,normal,false,false,false,,1648668560000
6244ae9b87747af8c82c2e84,false,104.37,98.16,108.36,81.78,261;2;0;1,time,30,-1,21,30.01,0,111.5,false,false,english,,normal,false,false,false,,1648668315000
6244ade387747af8c82c2857,false,100.8,95.52,105.6,77.07,252;6;0;2,time,30,-1,6,30,0,33.82,false,false,english,,normal,false,false,false,,1648668131000
6244ad9787747af8c82c25a2,false,95.97,93.82,102.37,73.85,240;10;0;3,time,30,-1,0,30.01,0,0,false,false,english,,normal,false,false,false,,1648668055000
6244ad4687747af8c82c22e9,false,94.74,95.4,103.53,77.18,237;7;0;3,time,30,-1,3,30.02,0,19.43,false,false,english,,normal,false,false,false,,1648667974000
6244ad0d87747af8c82c2126,false,95.17,96.83,100.37,72.92,238;4;1;2,time,30,-1,15,30.01,0,112.91,false,false,english,,normal,false,false,false,,1648667917000
62421ed787747af8c817aa67,false,99.57,94.07,107.96,80.76,249;13;0;2,time,30,-1,8,30.01,0,65.28,false,false,english,,normal,false,false,false,,1648500439000
62421e6787747af8c817a747,false,99.93,94.41,113.12,76.12,250;6;3;1,time,30,-1,1,30.02,0,5.26,false,false,english,,normal,false,false,false,,1648500327000
62421df387747af8c80f6597,false,106.36,97.15,111.56,80.41,266;4;0;1,time,30,-1,0,30.01,0,0,false,false,english,,normal,false,false,false,,1648500211000
62421dd287747af8c80f64af,false,92.74,92.8,104.73,74.52,232;11;1;2,time,30,-1,5,30.02,0,76.18,false,false,english,,normal,false,false,false,,1648500178000
6238c1de45ca73123b301d0b,false,102.4,96.69,107.6,77.59,256;4;0;1,time,30,-1,18,30,0,97.91,false,false,english,,normal,false,false,false,,1647886814000
6238c14345ca73123b30174a,false,101.93,96.7,109.13,75.54,255;5;0;3,time,30,-1,0,30.02,0,0,false,false,english,,normal,false,false,false,,1647886659000
6238c12445ca73123b301618,false,97.97,97.34,105.16,69.02,245;5;0;0,time,30,-1,2,30.01,0,26.74,false,false,english,,normal,false,false,false,,1647886628000
6238c0e745ca73123b3013bd,false,102.77,98.85,102.77,71.98,257;0;0;0,time,30,-1,4,30.01,0,62.7,false,false,english,,normal,false,false,false,,1647886567000
6238bfe545ca73123b27ed7a,false,102.4,95.7,111.2,82.63,256;6;1;2,time,30,-1,1,30,0,26.02,false,false,english,,normal,false,false,false,,1647886309000
6238bfa945ca73123b27eb02,false,98.37,95.49,104.37,80.96,246;4;1;0,time,30,-1,0,30.01,0,0,false,false,english,,normal,false,false,false,,1647886249000
6238bf8845ca73123b27e9b2,false,95.17,95.42,102.77,80.4,238;5;0;3,time,30,-1,3,30.01,0,51.1,false,false,english,,normal,false,false,false,,1647886216000
6238be9b45ca73123b27e071,true,108.76,95.59,117.56,84.01,272;8;0;1,time,30,-1,0,30.01,0,0,false,false,english,,normal,false,false,false,,1647885979000
6232ca98466c3626a5c0d7e5,false,118.79,100,118.79,86.46,49;0;0;0,words,10,-1,12,4.95,0,16.87,false,false,english,,normal,false,false,false,,1647495832000
6232c787466c3626a5c0c608,false,98.91,95.45,105.45,77.2,121;2;0;0,words,25,-1,2,14.68,0,15.39,false,false,english,,normal,false,false,false,,1647495047000
6232c763466c3626a5bd0499,false,98.2,96.09,106.52,77.41,118;3;0;2,words,25,-1,3,14.42,0,16.04,false,false,english,,normal,false,false,false,,1647495011000
6232c6e7466c3626a5b8bbb5,false,90.22,96.35,100.49,78.95,123;3;0;1,words,25,-1,11,16.36,0,53.5,false,false,english,,normal,false,false,false,,1647494887000
6232c656466c3626a5b8b891,false,97.52,96,103.31,77.8,118;3;0;0,words,25,-1,10,14.52,0,54.65,false,false,english,,normal,false,false,false,,1647494742000
6232c5ff466c3626a5b8b6a4,false,101.25,98.33,105.65,74.78,115;1;0;0,words,25,-1,6,13.63,0,16.59,false,false,english,,normal,false,false,false,,1647494655000
6232c5d6466c3626a5b8b5c7,false,111.1,100,111.1,75.81,131;0;0;0,words,25,-1,0,14.15,0,0,false,false,english,,normal,false,false,false,,1647494614000
6232c5c6466c3626a5b8b560,false,105.81,99.21,105.81,74.17,126;0;0;0,words,25,-1,6,14.29,0,21.65,false,false,english,,normal,false,false,false,,1647494598000
6232c599466c3626a5b8b442,false,91.37,96.21,99.75,73.41,120;2;0;0,words,25,-1,3,15.76,0,21.95,false,false,english,,normal,false,false,false,,1647494553000
6232c567466c3626a5b8b31c,false,98.78,95.62,103.41,71.4,128;1;1;0,words,25,-1,8,15.55,0,33.95,false,false,english,,normal,false,false,false,,1647494503000
6232c529466c3626a5b8b1db,false,93.23,93.5,103.49,68.45,109;3;1;0,words,25,-1,4,14.03,0,8.16,false,false,english,,normal,false,false,false,,1647494441000
6232c461466c3626a5b8ad68,false,86.46,95.28,93.91,64.41,116;2;1;1,words,25,-1,11,16.1,0,78.44,false,false,english,,normal,false,false,false,,1647494241000
6232c3e1466c3626a5b4e9f3,false,85.19,92.54,98.52,67.19,115;6;0;2,words,25,-1,0,16.2,0,0,false,false,english,,normal,false,false,false,,1647494113000
6232c3ce466c3626a5b4e98a,false,89.95,97.06,95.66,76.91,126;1;0;1,words,25,-1,3,16.81,0,31.97,false,false,english,,normal,false,false,false,,1647494094000
6232c397466c3626a5b0a1f4,false,103.95,100,103.95,84.19,138;0;0;0,words,25,-1,7,15.93,0,26.6,false,false,english,,normal,false,false,false,,1647494039000
6232c360466c3626a5b0a097,false,99.04,94.74,108.94,76.39,120;4;0;2,words,25,-1,10,14.54,0,57.51,false,false,english,,normal,false,false,false,,1647493984000
6232c294466c3626a5b09bd0,false,108.28,100,108.28,85.81,133;0;0;0,words,25,-1,7,14.74,0,47.06,false,false,english,,normal,false,false,false,,1647493780000
6232c248466c3626a5b099f1,false,108.6,98.37,111.31,70.77,120;1;0;0,words,25,-1,4,13.26,0,24.24,false,false,english,,normal,false,false,false,,1647493704000
6232c21d466c3626a5b098e1,false,99.66,95.42,104.52,76.18,123;4;0;0,words,25,-1,0,14.81,0,0,false,false,english,,normal,false,false,false,,1647493661000
6232c20d466c3626a5b0987a,false,102.09,96,107.28,78.64,118;3;0;0,words,25,-1,1,13.87,0,2.37,false,false,english,,normal,false,false,false,,1647493645000
6232c1f7466c3626a5b097f1,false,101.12,95.08,108.28,77.29,113;2;1;1,words,25,-1,5,13.41,0,30.85,false,false,english,,normal,false,false,false,,1647493623000
6232c1bd466c3626a5b09679,false,103.96,94.78,108.87,76.35,127;4;1;0,words,25,-1,1,14.66,0,4.52,false,false,english,,normal,false,false,false,,1647493565000
6232c1a2466c3626a5b095e3,false,113.19,99.25,113.19,75.32,133;0;0;0,words,25,-1,7,14.1,0,52.46,false,false,english,,normal,false,false,false,,1647493538000
6232c154466c3626a5b09428,false,107.85,97.84,111.87,82.17,134;2;0;0,words,25,-1,2,14.91,0,9.47,false,false,english,,normal,false,false,false,,1647493460000
6232c137466c3626a5b09391,false,98.08,95.2,102.2,83.22,119;4;0;1,words,25,-1,1,14.56,0,2.67,false,false,english,,normal,false,false,false,,1647493431000
6232c123466c3626a5b09320,false,102.83,97.6,107.19,79.06,118;0;0;1,words,25,-1,1,13.77,0,0.2,false,false,english,,normal,false,false,false,,1647493411000
6232c112466c3626a5b092be,false,102.95,95.62,112.83,79.28,125;4;0;1,words,25,-1,0,14.57,0,0,false,false,english,,normal,false,false,false,,1647493393000
6232c100466c3626a5b09263,false,108.7,98.5,112.95,69.78,128;1;0;0,words,25,-1,4,14.13,0,25.24,false,false,english,,normal,false,false,false,,1647493376000
6232c031466c3626a5a886d5,false,110.54,98.58,110.54,71.29,139;0;0;0,words,25,-1,6,15.09,0,31.51,false,false,english,,normal,false,false,false,,1647493169000
6232bfef466c3626a5a8853f,false,103.45,97.74,105.04,68.83,130;1;0;1,words,25,-1,6,15.08,0,38.79,false,false,english,,normal,false,false,false,,1647493103000
6232bfb0466c3626a5a883c7,false,106.03,97.71,109.4,73.73,126;1;0;1,words,25,-1,2,14.26,0,9.6,false,false,english,,normal,false,false,false,,1647493040000
623215fdfc548fa01c49e01f,false,88.92,94.07,99.38,62.99,119;3;0;1,words,25,-1,2,16.06,0,13.23,false,false,english,,normal,false,false,false,,1647449597000
623215dcfc548fa01c49de9b,false,100.2,96.88,103.46,76.62,123;2;0;1,words,25,-1,1,14.73,0,2.13,false,false,english,,normal,false,false,false,,1647449564000
623215c8fc548fa01c49ddb6,false,112.61,100,112.61,87.48,131;0;0;0,words,25,-1,3,13.96,0,7.75,false,false,english,,normal,false,false,false,,1647449544000
623215adfc548fa01c49dc9f,false,100.92,96.09,107.7,71.99,119;1;1;1,words,25,-1,3,14.15,0,24.17,false,false,english,,normal,false,false,false,,1647449517000
62300d2210b1e15768aa70a6,false,98.3,94.05,103.4,68.87,77;0;1;0,quote,248,0,2,9.4,0,7.3,false,false,english,,normal,false,false,false,,1647316258000
62300d0d10b1e15768aa7023,false,108.06,98.7,108.06,76.55,76;0;0;0,quote,2597,0,1,8.44,0,1.91,false,false,english,,normal,false,false,false,,1647316237000
62300d0010b1e15768aa6fc3,false,94.6,91.94,108.61,87.3,54;4;0;0,quote,5667,0,4,6.85,0,9.32,false,false,english,,normal,false,false,false,,1647316224000
62300ce510b1e15768aa6ef4,false,117.78,96.05,129.73,60.99,69;2;0;0,quote,5,0,3,7.03,0,7.39,false,false,english,,normal,false,false,false,,1647316198000
62300cb410b1e15768aa6d8c,false,95.56,96.83,95.56,64.41,61;0;0;0,quote,5580,0,0,7.66,0,0,false,false,english,,normal,false,false,false,,1647316149000
62300cab10b1e15768aa6d4a,false,109.64,98.65,109.64,71.53,73;0;0;0,quote,5031,0,0,7.99,0,0,false,false,english,,normal,false,false,false,,1647316139000
62300c9f10b1e15768aa6d02,false,99.2,96.77,111.16,61.82,83;2;0;0,quote,62,0,15,10.04,0,51.78,false,false,english,,normal,false,false,false,,1647316128000
62300c4610b1e15768aa6a87,false,105.37,100,105.37,65.74,67;0;0;0,quote,5571,0,2,7.63,0,10.12,false,false,english,,normal,false,false,false,,1647316038000
62300c2e10b1e15768aa69df,false,114.6,100,114.6,62.93,87;0;0;0,quote,50,0,5,9.11,0,24.66,false,false,english,,normal,false,false,false,,1647316015000
62300c0210b1e15768aa6882,false,110.23,98.15,110.23,69.91,53;0;0;0,quote,5192,0,1,5.77,0,1.35,false,false,english,,normal,false,false,false,,1647315970000
62300bf710b1e15768aa6842,false,130.12,100,130.12,81.97,63;0;0;0,quote,21,0,6,5.81,0,26.65,false,false,english,,normal,false,false,false,,1647315960000
622fac91fe18a01d428d6fa9,false,104.8,94.74,112.18,66.46,71;3;0;1,quote,2012,0,11,8.13,0,55.9,false,false,english,,normal,false,false,false,,1647291538000
622fac3bfe18a01d428d6d5b,false,93.66,96.39,93.66,62.8,80;0;0;0,quote,5244,0,1,10.25,0,2.4,false,false,english,,normal,false,false,false,,1647291451000
622fac2bfe18a01d428d6cef,false,93.81,98.15,93.81,64.87,53;0;0;0,quote,89,0,1,6.78,0,6.55,false,false,english,,normal,false,false,false,,1647291436000
622fac17fe18a01d428d6c62,false,107.01,100,107.01,73.35,70;0;0;0,quote,251,0,25,7.85,0,102.56,false,false,english,,normal,false,false,false,,1647291415000
622fab44fe18a01d428d66a8,false,97.43,99.19,97.43,66.02,123;0;0;0,words,25,-1,6,15.15,0,35.4,false,false,english,,normal,false,false,false,,1647291204000
622faaf1fe18a01d428d646f,false,100.7,95,110.96,82.92,108;3;0;0,words,25,-1,35,12.87,0,199.27,false,false,english,,normal,false,false,false,,1647291122000
622fa8e9fe18a01d42855c01,false,106.92,97.66,113.11,85.18,121;2;0;0,words,25,-1,8,13.58,0,37.94,false,false,english,,normal,false,false,false,,1647290601000
622fa895fe18a01d4285598b,false,105.53,96.9,109.79,76.44,124;3;0;1,words,25,-1,3,14.1,0,11.66,false,false,english,,normal,false,false,false,,1647290517000
622fa873fe18a01d4285588e,false,91.25,95.89,96.05,66.9,133;0;0;1,words,25,-1,6,17.49,0,19.11,false,false,english,,normal,false,false,false,,1647290483000
622fa833fe18a01d428556ab,false,95.93,96.85,110.76,80.7,110;0;1;2,words,25,-1,14,13.76,0,72.76,false,false,english,,normal,false,false,false,,1647290420000
622fa767fe18a01d42855070,false,94.91,97.73,94.91,71.19,129;0;0;0,words,25,-1,12,16.31,0,68.38,false,false,english,,normal,false,false,false,,1647290216000
622fa543fe18a01d427d4647,false,104.68,100,104.68,76.13,125;0;0;0,words,25,-1,13,14.33,0,60.13,false,false,english,,normal,false,false,false,,1647289668000
622fa4d4fe18a01d427d4307,false,108.2,100,108.2,81.38,122;0;0;0,words,25,-1,12,13.53,0,55.6,false,false,english,,normal,false,false,false,,1647289557000
622fa458fe18a01d427d3f8a,false,103.66,100,103.66,81.08,132;0;0;0,words,25,-1,10,15.28,0,24.17,false,false,english,,normal,false,false,false,,1647289433000
622fa3c1fe18a01d427d3b08,false,108.79,100,108.79,74.49,130;0;0;0,words,25,-1,18,14.34,0,83.28,false,false,english,,normal,false,false,false,,1647289282000
622aa8eac209a58d0ea6ba9d,false,131.74,100,131.74,64.59,175;0;0;0,zen,zen,-1,0,15.94,0,0,false,false,english,,normal,false,false,false,,1646962923000
622aa87dc209a58d0ea6b7a2,false,151.59,100,151.59,62.28,191;0;0;0,zen,zen,-1,0,15.12,0,0,false,false,english,,normal,false,false,false,,1646962814000
622aa2a2c209a58d0e7f0825,false,99.57,93.55,110.36,81.76,249;8;3;0,time,30,-1,78,30.01,0,457.97,false,false,english,,normal,false,false,false,,1646961314000
622a9ffbc209a58d0e673feb,true,127.36,97.87,133.02,85.16,135;2;0;0,words,25,-1,4,12.72,0,4.18,false,false,english,,normal,false,false,false,,1646960635000
622a9fbbc209a58d0e673e4e,false,105.46,96.48,111.85,85.64,132;2;0;1,time,15,-1,4,15.02,0,13.62,false,false,english,,normal,false,false,false,,1646960572000
622a9f95c209a58d0e673d7e,false,110.33,94,119.92,83.67,138;6;1;0,time,15,-1,14,15.01,0,63.79,false,false,english,,normal,false,false,false,,1646960534000
622a9ed7f8567293a4696fc8,false,103.13,98.48,103.13,78.76,129;0;0;0,time,15,-1,5,15.01,0,25.35,false,false,english,,normal,false,false,false,,1646960344000
622a83e7f8567293a4b2fe69,false,109.53,99.28,109.53,84.03,137;0;0;0,time,15,-1,4,15.01,0,12.97,false,false,english,,normal,false,false,false,,1646953448000
622a83b1f8567293a4b2fd16,false,101.53,99.22,101.53,77.41,127;0;0;0,time,15,-1,18,15.01,0,75.14,false,false,english,,normal,false,false,false,,1646953393000
622a833cf8567293a4b2fa81,false,96,93.18,104,70.02,120;6;1;0,time,15,-1,24,15,0,81.9,false,false,english,,normal,false,false,false,,1646953276000
622a82b6f8567293a4ab1007,false,103.13,96.43,111.93,81.79,129;3;0;1,time,15,-1,2,15.01,0,20.1,false,false,english,,normal,false,false,false,,1646953143000
6226d8e3b75ef5d1e0d88da7,true,120.72,100,120.72,84.84,151;0;0;0,time,15,-1,1,15.01,0,0.99,false,false,english,,normal,false,false,false,,1646713060000
6226d8d1b75ef5d1e0d88d1d,false,97.53,96.99,106.33,84.12,122;2;0;1,time,15,-1,29,15.01,0,134.3,false,false,english,,normal,false,false,false,,1646713042000
6226d813b75ef5d1e0d0b1e2,false,94.34,97.54,94.34,69.27,118;0;0;0,time,15,-1,26,15.01,0,74.63,false,false,english,,normal,false,false,false,,1646712852000
6226d78db75ef5d1e0d0adac,false,108.66,97.87,111.85,84.08,136;1;0;1,time,15,-1,5,15.02,0,14.62,false,false,english,,normal,false,false,false,,1646712717000
6226d767b75ef5d1e0d0ac7c,false,111.93,98.61,115.12,88.09,140;1;0;1,time,15,-1,14,15.01,0,48.74,false,false,english,,normal,false,false,false,,1646712680000
6223c469be7cd1cc65ac1ed1,false,104,97.18,113.6,80.77,130;2;0;1,time,15,-1,13,15,0,52.9,false,false,english,,normal,false,false,false,,1646511210000
6223c412be7cd1cc65ac1d30,false,98.33,93.48,108.73,78.92,123;5;0;1,time,15,-1,4,15.01,0,20.08,false,false,english,,normal,false,false,false,,1646511122000
6223c3e9be7cd1cc65ac1c66,false,94.4,96.18,104,74.41,118;2;0;1,time,15,-1,4,15,0,18.25,false,false,english,,normal,false,false,false,,1646511082000
6223c3c1be7cd1cc65ac1bb8,false,103.13,97.73,103.13,75.04,129;0;0;0,time,15,-1,33,15.01,0,170.06,false,false,english,,normal,false,false,false,,1646511042000
6223c1c2be7cd1cc659c7b91,false,121.77,95.16,137.27,70.09,55;2;0;0,words,10,-1,2,5.42,0,6.97,false,false,english,,normal,false,false,false,,1646510530000
6223c1b1be7cd1cc659c7b46,false,107.6,94.12,119.3,62.97,46;2;0;2,words,10,-1,4,5.13,0,4.24,false,false,english,,normal,false,false,false,,1646510514000
6223c1a1be7cd1cc659c7ae5,false,91.89,84.09,116.22,59.75,34;4;0;3,words,10,-1,1,4.44,0,4.04,false,false,english,,normal,false,false,false,,1646510498000
6223c195be7cd1cc659c7aa2,false,95.53,93.62,109.51,65.11,41;2;0;0,words,10,-1,1,5.15,0,3.19,false,false,english,,normal,false,false,false,,1646510485000
6223c189be7cd1cc659c7a66,false,107.63,94.34,121.37,71.95,47;1;1;0,words,10,-1,12,5.24,0,39.98,false,false,english,,normal,false,false,false,,1646510474000
6223c14bbe7cd1cc659c792b,false,122.76,92.45,132.78,82.5,49;3;0;0,words,10,-1,6,4.79,0,16.41,false,false,english,,normal,false,false,false,,1646510411000
6223c12ebe7cd1cc6594ad83,false,111.01,97.96,129.52,79.19,42;0;0;1,words,10,-1,4,4.54,0,10.86,false,false,english,,normal,false,false,false,,1646510382000
6223c117be7cd1cc6594ad0f,false,117.55,100,117.55,84.41,48;0;0;0,words,10,-1,4,4.9,0,10.37,false,false,english,,normal,false,false,false,,1646510359000
6223c102be7cd1cc6594ac9e,false,120.95,94.64,132.81,54.32,51;2;0;0,words,10,-1,4,5.06,0,12.56,false,false,english,,normal,false,false,false,,1646510338000
6223c0e9be7cd1cc6594ac1b,false,120.82,100,120.82,71.8,44;0;0;0,words,10,-1,0,4.37,0,0,false,false,english,,normal,false,false,false,,1646510314000
6223c0e2be7cd1cc6594abf5,false,112.15,98.18,123.36,63.06,50;0;0;1,words,10,-1,0,5.35,0,0,false,false,english,,normal,false,false,false,,1646510307000
6223c0dbbe7cd1cc6594abc7,false,102.23,93.75,116.84,89.38,42;2;0;0,words,10,-1,1,4.93,0,0.81,false,false,english,,normal,false,false,false,,1646510300000
6223c0d3be7cd1cc6594ab92,false,106.61,93.62,128.47,60.44,39;2;0;0,words,10,-1,6,4.39,0,14.7,false,false,english,,normal,false,false,false,,1646510291000
6223c089be7cd1cc6594a9de,false,108.07,100,108.07,71.13,48;0;0;0,words,10,-1,17,5.33,0,36.04,false,false,english,,normal,false,false,false,,1646510217000
6223bfaebe7cd1cc658cd9cd,false,103.8,97.62,112.75,71.83,116;1;1;0,words,25,-1,19,13.41,0,85.32,false,false,english,,normal,false,false,false,,1646509998000
6223bf31be7cd1cc658cd714,false,110.35,99.22,110.35,83.03,127;0;0;0,words,25,-1,7,13.81,0,43.95,false,false,english,,normal,false,false,false,,1646509873000
6223beedbe7cd1cc65892f62,false,107.17,94.7,115.96,88.17,122;4;1;1,words,25,-1,9,13.66,0,38.03,false,false,english,,normal,false,false,false,,1646509806000
6223beaabe7cd1cc658508dc,false,104.76,99.2,108.23,82.82,121;0;0;1,words,25,-1,3,13.86,0,5.28,false,false,english,,normal,false,false,false,,1646509739000
6223be93be7cd1cc65850856,false,103.32,96.18,110.94,74.07,122;3;0;1,words,25,-1,1,14.17,0,2.66,false,false,english,,normal,false,false,false,,1646509715000
6223be7fbe7cd1cc658507ed,false,100.51,96.06,109.25,78.57,115;1;1;0,words,25,-1,4,13.73,0,15.23,false,false,english,,normal,false,false,false,,1646509696000
6223be5cbe7cd1cc65850729,false,101.13,96.95,101.13,68.8,127;0;0;0,words,25,-1,28,15.07,0,119.22,false,false,english,,normal,false,false,false,,1646509661000
6223bc77be7cd1cc6575662e,false,96.83,91.34,109.8,77.77,112;8;1;0,words,25,-1,1,13.88,0,0.85,false,false,english,,normal,false,false,false,,1646509176000
6223bc65be7cd1cc657565d2,false,96.63,93.8,112.45,75.67,110;5;0;0,words,25,-1,7,13.66,0,34.44,false,false,english,,normal,false,false,false,,1646509158000
6223bc29be7cd1cc65756473,false,101.75,94.62,113.16,78.68,116;3;1;1,words,25,-1,0,13.68,0,0,false,false,english,,normal,false,false,false,,1646509097000
6223bc19be7cd1cc6575640f,false,104.83,96.9,109.94,74.24,123;3;0;1,words,25,-1,0,14.08,0,0,false,false,english,,normal,false,false,false,,1646509081000
6223bc09be7cd1cc657563bf,false,104.88,97.87,104.88,75.52,138;0;0;0,words,25,-1,1,15.79,0,1.42,false,false,english,,normal,false,false,false,,1646509065000
6223bbf3be7cd1cc6575635a,false,113.14,94.12,126.12,83.39,122;5;1;0,words,25,-1,2,12.94,0,4.74,false,false,english,,normal,false,false,false,,1646509044000
6223b901be7cd1cc65621711,false,94,95.77,103.6,70.46,235;6;0;1,time,30,-1,6,30,0,71.5,false,false,english,,normal,false,false,false,,1646508289000
6223b890be7cd1cc655def87,false,95.57,93.85,102.37,73.63,239;9;0;1,time,30,-1,1,30.01,0,21.82,false,false,english,,normal,false,false,false,,1646508177000
6223b857be7cd1cc655dee55,false,92.37,94.59,101.97,73,231;5;2;2,time,30,-1,0,30.01,0,0,false,false,english,,normal,false,false,false,,1646508120000
6223b837be7cd1cc655ded92,false,94.37,93.58,105.96,77.34,236;11;1;2,time,30,-1,2,30.01,0,17.11,false,false,english,,normal,false,false,false,,1646508087000
6223b754be7cd1cc65561db9,false,104.37,98.18,109.56,84.07,261;2;1;1,time,30,-1,2,30.01,0,41.89,false,false,english,,normal,false,false,false,,1646507861000
6223b6c7be7cd1cc65561aa3,false,99.57,96.32,108.76,78.89,249;6;0;3,time,30,-1,1,30.01,0,6.36,false,false,english,,normal,false,false,false,,1646507720000
6223b69dbe7cd1cc654e4eb7,false,87.97,94.96,91.17,65.73,220;2;0;0,time,30,-1,4,30.01,0,28.54,false,false,english,,normal,false,false,false,,1646507677000
6223b658be7cd1cc654e4d43,false,98.37,90.49,110.76,75.8,246;15;1;2,time,30,-1,2,30.01,0,14.57,false,false,english,,normal,false,false,false,,1646507609000
6223b576be7cd1cc65467dab,false,96,96.09,100.4,74.37,240;4;0;2,time,30,-1,3,30,0,13.32,false,false,english,,normal,false,false,false,,1646507383000
6223b545be7cd1cc65467c8c,false,97.17,93.94,102.37,70.17,243;7;0;1,time,30,-1,2,30.01,0,33.12,false,false,english,,normal,false,false,false,,1646507333000
6223b4f4be7cd1cc65467aaa,false,94.74,92.99,108.33,79.89,237;12;1;1,time,30,-1,1,30.02,0,1.28,false,false,english,,normal,false,false,false,,1646507253000
6223b4d2be7cd1cc654679e7,false,93.54,92.4,104.33,75.59,234;13;0;3,time,30,-1,2,30.02,0,4.83,false,false,english,,normal,false,false,false,,1646507218000
6222c9a02a00db9659fd6c65,false,88.19,90.37,111.26,79.31,107;8;1;0,words,25,-1,6,14.56,0,22.32,false,false,english,,normal,false,false,false,,1646447008000
6222c9712a00db9659fd6b96,false,107.87,97.04,112.06,76.34,129;2;0;1,words,25,-1,5,14.35,0,9.19,false,false,english,,normal,false,false,false,,1646446962000
6222c9512a00db9659fd6af5,false,102.35,96.32,107.99,83.66,127;2;0;0,words,25,-1,3,14.89,0,15.87,false,false,english,,normal,false,false,false,,1646446930000
6222c92e2a00db9659fd6a37,false,87.21,86.13,109.02,73.52,108;12;1;4,words,25,-1,2,14.86,0,8.15,false,false,english,,normal,false,false,false,,1646446894000
6222c9122a00db9659fd69ba,false,92.57,90.7,108.56,74.95,110;8;1;0,words,25,-1,2,14.26,0,5.56,false,false,english,,normal,false,false,false,,1646446867000
6222c8e02a00db9659f9c3e6,false,97.52,94.57,105.79,75.68,118;4;0;1,words,25,-1,13,14.52,0,49.06,false,false,english,,normal,false,false,false,,1646446816000
6222c8872a00db9659f59ea5,false,93.62,97.78,93.62,73.61,44;0;0;0,quote,5574,0,3,5.64,0,9.06,false,false,english,,normal,false,false,false,,1646446728000
6222c86f2a00db9659f59e1b,false,101.23,98.8,101.23,79.8,82;0;0;0,quote,4037,0,2,9.72,0,5.31,false,false,english,,normal,false,false,false,,1646446703000
6222c85b2a00db9659f59db4,false,77.81,87.84,88.75,74.94,64;6;1;0,quote,5629,0,8,9.87,0,24.73,false,false,english,,normal,false,false,false,,1646446683000
6222c82c2a00db9659f59cb3,false,81.87,93.59,90.06,56.49,70;2;1;0,quote,4532,0,0,10.26,0,0,false,false,english,,normal,false,false,false,,1646446637000
6222c81f2a00db9659f59c66,false,94.88,97.78,94.88,67.12,88;0;0;0,quote,3416,0,0,11.13,0,0,false,false,english,,normal,false,false,false,,1646446624000
6222c8112a00db9659f59c09,false,106.67,97.56,106.67,77.09,80;0;0;0,quote,248,0,1,9,1,8.94,false,false,english,,normal,false,false,false,,1646446609000
6222c7a52a00db9659f1f522,true,151.72,100,151.72,68.78,42;0;0;0,custom,custom,-1,2,3.322,0,3.45,false,false,english,,normal,false,false,false,,1646446502000
6222c79c2a00db9659f1f4f5,false,125.04,95.24,145.88,74.36,36;1;0;0,custom,custom,-1,0,3.455,0,0,false,false,english,,normal,false,false,false,,1646446492000
6222c7882a00db9659edd10c,false,131.35,95.24,153.24,68.78,36;1;0;0,custom,custom,-1,1,3.289,0,1.45,false,false,english,,normal,false,false,false,,1646446472000
6222c77c2a00db9659edd0d1,false,124.17,100,124.17,55.76,42;0;0;0,custom,custom,-1,1,4.059,0,0.03,false,false,english,,normal,false,false,false,,1646446460000
6222c76a2a00db9659edd06f,false,131.28,100,131.28,91.75,42;0;0;0,custom,custom,-1,15,3.839,0,28.8,false,false,english,,normal,false,false,false,,1646446443000
622282b930998782559589d6,false,87.61,83.08,124.59,53.4,45;4;2;0,custom,custom,-1,0,6.164,0,0,false,false,english,,normal,false,false,false,,1646428858000
622282b130998782559589a1,false,130.27,95.16,155.32,85.04,52;2;0;0,custom,custom,-1,0,4.79,0,0,false,false,english,,normal,false,false,false,,1646428850000
622282aa309987825595896e,false,90.64,91.8,106.33,48.55,52;4;0;1,custom,custom,-1,7,6.884,0,9.98,false,false,english,,normal,false,false,false,,1646428843000
62228276309987825591e3bc,false,138.2,91.8,150.99,76.59,54;2;0;0,custom,custom,-1,0,4.689,0,0,false,false,english,,normal,false,false,false,,1646428791000
6222824830998782558dbf97,true,147,100,147,85.58,46;0;0;0,custom,custom,-1,0,3.755,0,0,false,false,english,,normal,false,false,false,,1646428745000
6222824330998782558dbf6e,true,101.92,100,101.92,51.48,46;0;0;0,custom,custom,-1,11,5.416,0,24.25,false,false,english,,normal,false,false,false,,1646428739000
62228091309987825585ec8c,false,92.77,89.22,105.56,74.49,232;15;3;3,time,30,-1,25,30.01,0,166.76,false,false,english,,normal,false,false,false,,1646428306000
62227f9530998782557e1dea,false,108.38,98.43,108.38,74.5,125;0;0;0,words,25,-1,15,13.84,0,74.6,false,false,english,,normal,false,false,false,,1646428053000
622020ae64b2b0ab88bba82e,false,93.44,94.35,100.82,77.71,114;4;0;2,words,25,-1,12,14.64,0,47.26,false,false,english,,normal,false,false,false,,1646272686000
6220205164b2b0ab88bba5f9,false,91.77,96.18,97.99,66.22,118;0;0;1,words,25,-1,8,15.43,0,46.28,false,false,english,,normal,false,false,false,,1646272593000
62201feb64b2b0ab88b80388,false,96.93,98.47,96.93,71.29,129;0;0;0,words,25,-1,7,15.97,0,42.33,false,false,english,,normal,false,false,false,,1646272492000
62201f9264b2b0ab88b3e470,false,100.15,95.31,114.46,79.39,112;3;0;2,words,25,-1,0,13.42,0,0,false,false,english,,normal,false,false,false,,1646272402000
62201f8264b2b0ab88b3e411,false,100.07,96.06,111.49,85.89,114;3;0;0,words,25,-1,1,13.67,0,9.03,false,false,english,,normal,false,false,false,,1646272387000
62201f4c64b2b0ab88b3e2b1,false,116.13,100,116.13,69.06,51;0;0;0,words,10,-1,1,5.27,0,0.71,false,false,english,,normal,false,false,false,,1646272333000
62201f4164b2b0ab88b3e26c,false,96.38,98.08,96.38,57.55,51;0;0;0,words,10,-1,0,6.35,0,0,false,false,english,,normal,false,false,false,,1646272322000
62201f3a64b2b0ab88b3e239,false,102.41,95.83,102.41,66.93,46;0;0;0,words,10,-1,4,5.39,0,15.18,false,false,english,,normal,false,false,false,,1646272314000
62201f1c64b2b0ab88b3e17e,false,123.44,100,123.44,52.64,43;0;0;0,words,10,-1,0,4.18,0,0,false,false,english,,normal,false,false,false,,1646272284000
62201f1664b2b0ab88b3e14c,false,104.45,94,121.46,84.51,43;2;0;0,words,10,-1,2,4.94,0,6.42,false,false,english,,normal,false,false,false,,1646272278000
62201f0664b2b0ab88b3e0dd,false,120,100,120,85.57,47;0;0;0,words,10,-1,2,4.7,0,7.06,false,false,english,,normal,false,false,false,,1646272263000
62201ef564b2b0ab88b3e075,false,116.56,100,116.56,77.97,44;0;0;0,words,10,-1,0,4.53,0,0,false,false,english,,normal,false,false,false,,1646272246000
62201ee064b2b0ab88b3dff2,false,100.88,94.74,119.79,83.08,48;2;0;0,words,10,-1,1,5.71,0,6.26,false,false,english,,normal,false,false,false,,1646272225000
62201ed264b2b0ab88b3dfa2,false,105.76,98.11,105.76,72.72,52;0;0;0,words,10,-1,4,5.9,0,10.51,false,false,english,,normal,false,false,false,,1646272210000
62201ebb64b2b0ab88b03f3c,false,120,100,120,78.92,45;0;0;0,words,10,-1,5,4.5,0,15.35,false,false,english,,normal,false,false,false,,1646272187000
62201e9f64b2b0ab88ac21ff,false,113.16,94.23,122.59,60.24,48;2;0;0,words,10,-1,0,5.09,0,0,false,false,english,,normal,false,false,false,,1646272160000
62201e9964b2b0ab88ac21d1,false,107.5,93.48,115,82.61,43;2;0;0,words,10,-1,4,4.8,0,15.61,false,false,english,,normal,false,false,false,,1646272153000
62201e6064b2b0ab88ac2030,false,94.45,91.38,124.51,77.92,44;3;0;1,words,10,-1,2,5.59,0,6.4,false,false,english,,normal,false,false,false,,1646272096000
62201e4f64b2b0ab88ac1fbf,false,117.29,92.86,126.32,80.37,39;2;0;0,words,10,-1,2,3.99,0,8.22,false,false,english,,normal,false,false,false,,1646272080000
62201e3e64b2b0ab88ac1f31,false,117.84,100,117.84,92.36,49;0;0;0,words,10,-1,5,4.99,0,15.2,false,false,english,,normal,false,false,false,,1646272063000
62201e1264b2b0ab88ac1df5,false,103.85,96.08,117.69,69.82,45;0;1;0,words,10,-1,0,5.2,0,0,false,false,english,,normal,false,false,false,,1646272018000
62201e0b64b2b0ab88ac1db4,false,98.11,97.67,108.18,74.95,39;0;0;1,words,10,-1,2,4.77,0,4.3,false,false,english,,normal,false,false,false,,1646272011000
62201dfe64b2b0ab88ac1d54,false,128.57,100,128.57,59.05,45;0;0;0,words,10,-1,8,4.2,0,27.68,false,false,english,,normal,false,false,false,,1646271998000
62201dce64b2b0ab88ac1c01,false,119.54,100,119.54,66.26,52;0;0;0,words,10,-1,4,5.22,0,10.16,false,false,english,,normal,false,false,false,,1646271951000
62201db864b2b0ab88ac1b48,false,100.97,100,100.97,66.37,52;0;0;0,words,10,-1,0,6.18,0,0,false,false,english,,normal,false,false,false,,1646271928000
62201db064b2b0ab88ac1b13,false,108.87,100,108.87,78.92,45;0;0;0,words,10,-1,1,4.96,0,1.93,false,false,english,,normal,false,false,false,,1646271920000
62201da764b2b0ab88ac1ad1,false,76.23,83.33,118.03,94.9,31;5;0;2,words,10,-1,6,4.88,0,30.7,false,false,english,,normal,false,false,false,,1646271911000
62201d7564b2b0ab88a45d14,false,99.36,97.12,105.52,74.03,129;1;0;0,words,25,-1,3,15.58,0,6.34,false,false,english,,normal,false,false,false,,1646271861000
62201cec64b2b0ab88a4598e,false,110.34,98.71,110.34,78.43,153;0;0;0,words,25,-1,16,16.64,0,75.02,false,false,english,,normal,false,false,false,,1646271724000
62201c6e64b2b0ab88a0b66c,false,85.97,89.51,105.96,73.83,215;15;3;3,time,30,-1,4,30.01,0,28.88,false,false,english,,normal,false,false,false,,1646271598000
62201b4e64b2b0ab889c9269,true,107.6,96.47,113.2,84.11,269;7;1;0,time,30,-1,3,30,0,35.75,false,false,english,,normal,false,false,false,,1646271311000
62201b0564b2b0ab8894d442,false,93.57,90.67,105.96,75.15,234;13;3;3,time,30,-1,0,30.01,0,0,false,false,english,,normal,false,false,false,,1646271237000
621dc081fafffa230ea0af77,true,118.98,100,118.98,81.38,128;0;0;0,words,25,-1,68,12.91,0,473.49,false,false,english,,normal,false,false,false,,1646116993000
621dbdf8fafffa230e913c13,false,93.48,93.37,105.34,78.36,465;17;3;7,words,100,-1,7,59.69,0,89.18,false,false,english,,normal,false,false,false,,1646116345000
621dbd02fafffa230e89843c,true,95.11,96.44,98.71,70.28,502;3;1;1,words,100,-1,5,63.34,0,98.86,false,false,english,,normal,false,false,false,,1646116099000
621dbc45fafffa230e897f69,true,90.71,94.55,98.39,72.31,484;12;3;2,words,100,-1,0,64.03,0,0,false,false,english,,normal,false,false,false,,1646115909000
621dbbd3fafffa230e81caea,false,88.65,91.8,100.14,66.61,54;4;0;1,quote,5063,0,3,7.31,0,14.17,false,false,english,,normal,false,false,false,,1646115795000
621dbbb6fafffa230e81ca33,false,91.08,100,91.08,57.03,40;0;0;0,quote,5609,0,7,5.27,0,17.21,false,false,english,,normal,false,false,false,,1646115767000
621d65dcfafffa230e4dfd58,false,99.66,95.06,110.58,82.63,73;3;0;0,quote,3322,0,1,8.79,0,10.55,false,false,english,,normal,false,false,false,,1646093788000
621d65c6fafffa230e4dfcce,false,100.1,96.84,111.87,63.64,85;1;0;1,quote,288,0,0,10.19,0,0,false,false,english,,normal,false,false,false,,1646093766000
621d65b7fafffa230e4dfc7a,false,114.59,100,114.59,77.92,53;0;0;0,quote,5192,0,4,5.55,0,8.51,false,false,english,,normal,false,false,false,,1646093751000
621d65a1fafffa230e4dfbf3,false,97.23,98.65,97.23,76.52,73;0;0;0,quote,5042,0,1,9.01,1,5.75,false,false,english,,normal,false,false,false,,1646093730000
621d6590fafffa230e4dfb85,false,96.8,94.67,106.76,73.47,68;2;1;0,quote,1408,0,4,8.43,0,96.32,false,false,english,,normal,false,false,false,,1646093712000
621d64f8fafffa230e46474f,true,151.66,100,154.87,34.13,331;0;0;0,zen,zen,-1,1,26.19,1,11.66,false,false,english,,normal,false,false,false,,1646093560000
621d6457fafffa230e42a8ef,true,113.17,96.21,118.56,74.74,126;3;1;0,words,25,-1,3,13.36,0,9.94,false,false,english,,normal,false,false,false,,1646093399000
621d642efafffa230e3e9235,true,95.27,93.39,103.13,78.31,109;3;0;2,words,25,-1,11,13.73,0,90.81,false,false,english,,normal,false,false,false,,1646093358000
621d63b4fafffa230e3e8f79,false,93.43,97.39,96.72,69.13,256;2;0;1,words,50,-1,0,32.88,0,0,false,false,english,,normal,false,false,false,,1646093236000
621d6391fafffa230e3e8eb2,false,91.41,93.92,97.83,68.87,242;8;1;1,words,50,-1,1,31.77,0,10.52,false,false,english,,normal,false,false,false,,1646093202000
621d62b0fafffa230e36d932,false,99.18,96.01,107.81,78.02,253;6;1;1,words,50,-1,6,30.61,0,54.94,false,false,english,,normal,false,false,false,,1646092977000
621cc965f2d75bfbf6a91013,true,108.77,98.82,111.39,79.81,249;1;1;0,words,50,-1,50,27.47,0,276.99,false,false,english,,normal,false,false,false,,1646053733000
621cc648f2d75bfbf6999ebf,false,125.61,100,125.61,71.78,47;0;0;0,words,10,-1,11,4.49,0,30.77,false,false,english,,normal,false,false,false,,1646052936000
621cc617f2d75bfbf69603e5,false,91.79,94,111.94,79.6,41;2;0;0,words,10,-1,0,5.36,0,0,false,false,english,,normal,false,false,false,,1646052887000
621cc610f2d75bfbf691efaf,false,113,95.56,121.08,67.04,42;1;0;1,words,10,-1,0,4.46,0,0,false,false,english,,normal,false,false,false,,1646052880000
621cc606f2d75bfbf691ef62,true,133.89,100,133.89,90.38,53;0;0;0,words,10,-1,1,4.75,0,0.04,false,false,english,,normal,false,false,false,,1646052870000
621cc5fdf2d75bfbf691ef1d,true,84.57,88.46,118.86,72,37;3;1;2,words,10,-1,0,5.25,0,0,false,false,english,,normal,false,false,false,,1646052861000
621cc5d6f2d75bfbf691edf7,true,101.93,96.18,106.88,71.65,247;4;1;1,words,50,-1,77,29.08,0,462.96,false,false,english,,normal,false,false,false,,1646052823000
62145b75999bd5da8335beb3,false,92.37,94.4,97.77,77.48,462;12;1;3,time,60,-1,15,60.02,0,262.1,false,false,english,,normal,false,false,false,,1645501301000
62145990999bd5da83268a3a,true,115.05,100,115.05,87.5,144;0;0;0,time,15,-1,2,15.02,0,2.93,false,false,english,,normal,false,false,false,,1645500816000
62144e80999bd5da83e20e38,false,88.74,93.39,93.54,67.22,111;3;0;1,time,15,-1,0,15.01,0,0,false,false,english,,normal,false,false,false,,1645497984000
62144d75999bd5da83da73bb,false,103.13,94.2,107.93,81.73,129;3;1;0,time,15,-1,7,15.01,0,27.11,false,false,english,,normal,false,false,false,,1645497717000
62144d41999bd5da83da725f,false,100.8,93.38,107.2,78.89,126;5;1;0,time,15,-1,4,15,0,28.68,false,false,english,,normal,false,false,false,,1645497666000
62144d0e999bd5da83da70e4,false,107.2,99.26,107.2,80.54,134;0;0;0,time,15,-1,3,15,0,23.25,false,false,english,,normal,false,false,false,,1645497615000
62144cdd999bd5da83d2dc7c,true,107.2,98.53,107.2,81.34,134;0;0;0,time,15,-1,1,15,0,7.84,false,false,english,,normal,false,false,false,,1645497565000
62144c82999bd5da83d2da18,false,90.6,95.33,96.4,72.3,453;8;1;2,time,60,-1,5,60,0,61.02,false,false,english,,normal,false,false,false,,1645497475000
62144beb999bd5da83d2d622,true,96.58,91.98,105.38,74.49,483;24;2;4,time,60,-1,0,60.01,0,0,false,false,english,,normal,false,false,false,,1645497323000
6202c1710004acbd88c4a25b,false,84.19,93.42,91.98,68.47,421;13;1;3,time,60,-1,34,60.01,0,354.49,false,false,english,,normal,false,false,false,,1644347761000
6202bf650004acbd88b5eeb7,true,86.79,93.02,95.58,70.32,434;16;2;3,time,60,-1,9,60.01,0,177.4,false,false,english,,normal,false,false,false,,1644347237000
6202bdaf0004acbd88ae8d75,true,96.74,96.85,101.53,80.3,121;3;0;1,time,15,-1,14,15.01,0,103.55,false,false,english,,normal,false,false,false,,1644346799000
6202bcfd0004acbd88a735f6,true,93.97,98.37,97.17,82.09,235;1;0;0,time,30,-1,0,30.01,0,0,false,false,english,,normal,false,false,false,,1644346621000